{
    "type":  "FeatureCollection",
    "features":  [
                     {
                         "type":  "Feature",
                         "geometry":  {
                                          "coordinates":  [
                                                              124.20247,
                                                              50.233703
                                                          ],
                                          "type":  "Point"
                                      },
                         "properties":  {
                                            "id":  "B01C90LNSB",
                                            "name":  "加格达奇林业局白桦林场",
                                            "source":  "amap_place_text",
                                            "type":  "公司企业;农林牧渔基地;其它农林牧渔基地",
                                            "address":  "加格达奇林业局",
                                            "adname":  "加格达奇区",
                                            "query":  "加格达奇林场"
                                        }
                     },
                     {
                         "type":  "Feature",
                         "geometry":  {
                                          "coordinates":  [
                                                              124.20247,
                                                              50.233703
                                                          ],
                                          "type":  "Point"
                                      },
                         "properties":  {
                                            "id":  "B01C90LNSB",
                                            "name":  "加格达奇林业局白桦林场",
                                            "source":  "amap_place_text",
                                            "type":  "公司企业;农林牧渔基地;其它农林牧渔基地",
                                            "address":  "加格达奇林业局",
                                            "adname":  "加格达奇区",
                                            "query":  "加格达奇林业局"
                                        }
                     },
                     {
                         "type":  "Feature",
                         "geometry":  {
                                          "coordinates":  [
                                                              124.130594,
                                                              50.415803
                                                          ],
                                          "type":  "Point"
                                      },
                         "properties":  {
                                            "id":  "B01C90LPEX",
                                            "name":  "加格达奇林业局",
                                            "source":  "amap_place_text",
                                            "type":  "政府机构及社会团体;政府机关;区县级政府及事业单位",
                                            "address":  "晨光街",
                                            "adname":  "加格达奇区",
                                            "query":  "加格达奇林业局"
                                        }
                     },
                     {
                         "type":  "Feature",
                         "geometry":  {
                                          "coordinates":  [
                                                              124.124908,
                                                              50.429592
                                                          ],
                                          "type":  "Point"
                                      },
                         "properties":  {
                                            "id":  "B01C90LX3V",
                                            "name":  "加格达奇区政府红旗街道办事处",
                                            "source":  "amap_place_text",
                                            "type":  "政府机构及社会团体;政府机关;乡镇级政府及事业单位",
                                            "address":  "林业加油站东侧",
                                            "adname":  "加格达奇区",
                                            "query":  "加格达奇林业局"
                                        }
                     },
                     {
                         "type":  "Feature",
                         "geometry":  {
                                          "coordinates":  [
                                                              119.725875,
                                                              49.229555
                                                          ],
                                          "type":  "Point"
                                      },
                         "properties":  {
                                            "id":  "B01D600CWH",
                                            "name":  "哈尔滨铁路林业管理局海拉尔分局",
                                            "source":  "amap_place_text",
                                            "type":  "政府机构及社会团体;政府机关;区县级政府及事业单位",
                                            "address":  "海拉尔铁路靠山街190号海拉尔铁路分局林业管理所附近",
                                            "adname":  "海拉尔区",
                                            "query":  "海拉尔林业局"
                                        }
                     },
                     {
                         "type":  "Feature",
                         "geometry":  {
                                          "coordinates":  [
                                                              121.536203,
                                                              50.783782
                                                          ],
                                          "type":  "Point"
                                      },
                         "properties":  {
                                            "id":  "B01D600GIY",
                                            "name":  "内蒙古自治区根河森林公安局",
                                            "source":  "amap_place_text",
                                            "type":  "政府机构及社会团体;公检法机构;公安警察",
                                            "address":  "河东街道林海路(根河大酒店对面)",
                                            "adname":  "根河市",
                                            "query":  "根河林业局"
                                        }
                     },
                     {
                         "type":  "Feature",
                         "geometry":  {
                                          "coordinates":  [
                                                              121.542699,
                                                              50.781215
                                                          ],
                                          "type":  "Point"
                                      },
                         "properties":  {
                                            "id":  "B01D600H1A",
                                            "name":  "内蒙古根河林业局森林调查设计大队",
                                            "source":  "amap_place_text",
                                            "type":  "政府机构及社会团体;政府机关;区县级政府及事业单位",
                                            "address":  "中央路与新开街交叉口西80米",
                                            "adname":  "根河市",
                                            "query":  "根河林业局"
                                        }
                     },
                     {
                         "type":  "Feature",
                         "geometry":  {
                                          "coordinates":  [
                                                              123.730948,
                                                              50.587708
                                                          ],
                                          "type":  "Point"
                                      },
                         "properties":  {
                                            "id":  "B01D600H46",
                                            "name":  "内蒙古阿里河森林公安局",
                                            "source":  "amap_place_text",
                                            "type":  "政府机构及社会团体;公检法机构;公安警察",
                                            "address":  "龙华路与文化街交叉口东南60米",
                                            "adname":  "鄂伦春自治旗",
                                            "query":  "阿里河林场"
                                        }
                     },
                     {
                         "type":  "Feature",
                         "geometry":  {
                                          "coordinates":  [
                                                              123.730948,
                                                              50.587708
                                                          ],
                                          "type":  "Point"
                                      },
                         "properties":  {
                                            "id":  "B01D600H46",
                                            "name":  "内蒙古阿里河森林公安局",
                                            "source":  "amap_place_text",
                                            "type":  "政府机构及社会团体;公检法机构;公安警察",
                                            "address":  "龙华路与文化街交叉口东南60米",
                                            "adname":  "鄂伦春自治旗",
                                            "query":  "阿里河林业局"
                                        }
                     },
                     {
                         "type":  "Feature",
                         "geometry":  {
                                          "coordinates":  [
                                                              123.724613,
                                                              50.599909
                                                          ],
                                          "type":  "Point"
                                      },
                         "properties":  {
                                            "id":  "B01D600H7R",
                                            "name":  "阿里河林业局",
                                            "source":  "amap_place_text",
                                            "type":  "政府机构及社会团体;政府机关;乡镇级政府及事业单位",
                                            "address":  "中央路264号附近",
                                            "adname":  "鄂伦春自治旗",
                                            "query":  "阿里河林场"
                                        }
                     },
                     {
                         "type":  "Feature",
                         "geometry":  {
                                          "coordinates":  [
                                                              123.724613,
                                                              50.599909
                                                          ],
                                          "type":  "Point"
                                      },
                         "properties":  {
                                            "id":  "B01D600H7R",
                                            "name":  "阿里河林业局",
                                            "source":  "amap_place_text",
                                            "type":  "政府机构及社会团体;政府机关;乡镇级政府及事业单位",
                                            "address":  "中央路264号附近",
                                            "adname":  "鄂伦春自治旗",
                                            "query":  "阿里河林业局"
                                        }
                     },
                     {
                         "type":  "Feature",
                         "geometry":  {
                                          "coordinates":  [
                                                              123.667442,
                                                              50.618581
                                                          ],
                                          "type":  "Point"
                                      },
                         "properties":  {
                                            "id":  "B01D600H80",
                                            "name":  "拓跋鲜卑历史文化园",
                                            "source":  "amap_place_text",
                                            "type":  "风景名胜;风景名胜;风景名胜",
                                            "address":  "阿里河镇西北9公里",
                                            "adname":  "鄂伦春自治旗",
                                            "query":  "阿里河林业局"
                                        }
                     },
                     {
                         "type":  "Feature",
                         "geometry":  {
                                          "coordinates":  [
                                                              123.730133,
                                                              50.583565
                                                          ],
                                          "type":  "Point"
                                      },
                         "properties":  {
                                            "id":  "B01D600HJR",
                                            "name":  "阿里河林业宾馆",
                                            "source":  "amap_place_text",
                                            "type":  "住宿服务;宾馆酒店;宾馆酒店",
                                            "address":  "阿里河镇中央街39号",
                                            "adname":  "鄂伦春自治旗",
                                            "query":  "阿里河林场"
                                        }
                     },
                     {
                         "type":  "Feature",
                         "geometry":  {
                                          "coordinates":  [
                                                              123.730133,
                                                              50.583565
                                                          ],
                                          "type":  "Point"
                                      },
                         "properties":  {
                                            "id":  "B01D600HJR",
                                            "name":  "阿里河林业宾馆",
                                            "source":  "amap_place_text",
                                            "type":  "住宿服务;宾馆酒店;宾馆酒店",
                                            "address":  "阿里河镇中央街39号",
                                            "adname":  "鄂伦春自治旗",
                                            "query":  "阿里河林业局"
                                        }
                     },
                     {
                         "type":  "Feature",
                         "geometry":  {
                                          "coordinates":  [
                                                              120.728966,
                                                              49.286161
                                                          ],
                                          "type":  "Point"
                                      },
                         "properties":  {
                                            "id":  "B01D600JWH",
                                            "name":  "内蒙古自治区大兴安岭林业管理局",
                                            "source":  "amap_place_text",
                                            "type":  "政府机构及社会团体;政府机关;政府机关相关",
                                            "address":  "兴安中街29号",
                                            "adname":  "牙克石市",
                                            "query":  "牙克石林业局"
                                        }
                     },
                     {
                         "type":  "Feature",
                         "geometry":  {
                                          "coordinates":  [
                                                              123.72687,
                                                              50.591807
                                                          ],
                                          "type":  "Point"
                                      },
                         "properties":  {
                                            "id":  "B01D600OUP",
                                            "name":  "阿里河林业局第二小学校",
                                            "source":  "amap_place_text",
                                            "type":  "政府机构及社会团体;政府机关;政府机关相关",
                                            "address":  "中央路159号",
                                            "adname":  "鄂伦春自治旗",
                                            "query":  "阿里河林场"
                                        }
                     },
                     {
                         "type":  "Feature",
                         "geometry":  {
                                          "coordinates":  [
                                                              123.72687,
                                                              50.591807
                                                          ],
                                          "type":  "Point"
                                      },
                         "properties":  {
                                            "id":  "B01D600OUP",
                                            "name":  "阿里河林业局第二小学校",
                                            "source":  "amap_place_text",
                                            "type":  "政府机构及社会团体;政府机关;政府机关相关",
                                            "address":  "中央路159号",
                                            "adname":  "鄂伦春自治旗",
                                            "query":  "阿里河林业局"
                                        }
                     },
                     {
                         "type":  "Feature",
                         "geometry":  {
                                          "coordinates":  [
                                                              123.726925,
                                                              50.591725
                                                          ],
                                          "type":  "Point"
                                      },
                         "properties":  {
                                            "id":  "B01D600OUQ",
                                            "name":  "阿里河森林工业有限公司防火办",
                                            "source":  "amap_place_text",
                                            "type":  "公司企业;公司;公司",
                                            "address":  "中央路159号",
                                            "adname":  "鄂伦春自治旗",
                                            "query":  "阿里河林业局"
                                        }
                     },
                     {
                         "type":  "Feature",
                         "geometry":  {
                                          "coordinates":  [
                                                              122.924948,
                                                              48.54268
                                                          ],
                                          "type":  "Point"
                                      },
                         "properties":  {
                                            "id":  "B01D600U8V",
                                            "name":  "大杨树沟",
                                            "source":  "amap_place_text",
                                            "type":  "地名地址信息;自然地名;山",
                                            "address":  "阿荣旗",
                                            "adname":  "阿荣旗",
                                            "query":  "大杨树林场"
                                        }
                     },
                     {
                         "type":  "Feature",
                         "geometry":  {
                                          "coordinates":  [
                                                              124.304575,
                                                              50.060611
                                                          ],
                                          "type":  "Point"
                                      },
                         "properties":  {
                                            "id":  "B01D6014A2",
                                            "name":  "甘河",
                                            "source":  "amap_place_text",
                                            "type":  "地名地址信息;自然地名;河流",
                                            "address":  "鄂伦春自治旗",
                                            "adname":  "鄂伦春自治旗",
                                            "query":  "甘河林业局"
                                        }
                     },
                     {
                         "type":  "Feature",
                         "geometry":  {
                                          "coordinates":  [
                                                              123.044491,
                                                              50.632863
                                                          ],
                                          "type":  "Point"
                                      },
                         "properties":  {
                                            "id":  "B01D601KB6",
                                            "name":  "内蒙古自治区甘河森林公安局",
                                            "source":  "amap_place_text",
                                            "type":  "政府机构及社会团体;公检法机构;公安警察",
                                            "address":  "六顺路与中央街交叉口西320米",
                                            "adname":  "鄂伦春自治旗",
                                            "query":  "甘河林业局"
                                        }
                     },
                     {
                         "type":  "Feature",
                         "geometry":  {
                                          "coordinates":  [
                                                              121.65011,
                                                              50.514862
                                                          ],
                                          "type":  "Point"
                                      },
                         "properties":  {
                                            "id":  "B01D601KD6",
                                            "name":  "内蒙古自治区图里河林业局森林经营处",
                                            "source":  "amap_place_text",
                                            "type":  "政府机构及社会团体;政府机关;政府机关相关",
                                            "address":  "X302鹤祥园度假村",
                                            "adname":  "牙克石市",
                                            "query":  "图里河林业局"
                                        }
                     },
                     {
                         "type":  "Feature",
                         "geometry":  {
                                          "coordinates":  [
                                                              123.204865,
                                                              50.581135
                                                          ],
                                          "type":  "Point"
                                      },
                         "properties":  {
                                            "id":  "B01D601KDD",
                                            "name":  "吉文森林公安局",
                                            "source":  "amap_place_text",
                                            "type":  "政府机构及社会团体;公检法机构;公安警察",
                                            "address":  "吉文镇中央路112号",
                                            "adname":  "鄂伦春自治旗",
                                            "query":  "吉文林业局"
                                        }
                     },
                     {
                         "type":  "Feature",
                         "geometry":  {
                                          "coordinates":  [
                                                              121.692347,
                                                              50.484081
                                                          ],
                                          "type":  "Point"
                                      },
                         "properties":  {
                                            "id":  "B01D601KFJ",
                                            "name":  "牙克石市图里河医院",
                                            "source":  "amap_place_text",
                                            "type":  "医疗保健服务;综合医院;综合医院",
                                            "address":  "图里河镇",
                                            "adname":  "牙克石市",
                                            "query":  "图里河林业局"
                                        }
                     },
                     {
                         "type":  "Feature",
                         "geometry":  {
                                          "coordinates":  [
                                                              121.684055,
                                                              50.48504
                                                          ],
                                          "type":  "Point"
                                      },
                         "properties":  {
                                            "id":  "B01D601KFL",
                                            "name":  "内蒙古自治区图里河森林公安局",
                                            "source":  "amap_place_text",
                                            "type":  "政府机构及社会团体;公检法机构;公安警察",
                                            "address":  "牙伊线内蒙古图里河森林公安局",
                                            "adname":  "牙克石市",
                                            "query":  "图里河林业局"
                                        }
                     },
                     {
                         "type":  "Feature",
                         "geometry":  {
                                          "coordinates":  [
                                                              121.622442,
                                                              50.029834
                                                          ],
                                          "type":  "Point"
                                      },
                         "properties":  {
                                            "id":  "B01D601KJ6",
                                            "name":  "库都尔林业局中学",
                                            "source":  "amap_place_text",
                                            "type":  "科教文化服务;学校;中学",
                                            "address":  "库都尔镇",
                                            "adname":  "牙克石市",
                                            "query":  "库都尔林业局"
                                        }
                     },
                     {
                         "type":  "Feature",
                         "geometry":  {
                                          "coordinates":  [
                                                              121.619,
                                                              50.028515
                                                          ],
                                          "type":  "Point"
                                      },
                         "properties":  {
                                            "id":  "B01D601KJ9",
                                            "name":  "内蒙古自治区库都尔森林公安局",
                                            "source":  "amap_place_text",
                                            "type":  "政府机构及社会团体;公检法机构;公安警察",
                                            "address":  "牙伊线内蒙古库都尔森林公安局",
                                            "adname":  "牙克石市",
                                            "query":  "库都尔林业局"
                                        }
                     },
                     {
                         "type":  "Feature",
                         "geometry":  {
                                          "coordinates":  [
                                                              124.596467,
                                                              49.741448
                                                          ],
                                          "type":  "Point"
                                      },
                         "properties":  {
                                            "id":  "B01D601KLW",
                                            "name":  "大杨树第二中学",
                                            "source":  "amap_place_text",
                                            "type":  "科教文化服务;学校;中学",
                                            "address":  "大杨树镇",
                                            "adname":  "鄂伦春自治旗",
                                            "query":  "大杨树林场"
                                        }
                     },
                     {
                         "type":  "Feature",
                         "geometry":  {
                                          "coordinates":  [
                                                              124.608289,
                                                              49.744845
                                                          ],
                                          "type":  "Point"
                                      },
                         "properties":  {
                                            "id":  "B01D601KLY",
                                            "name":  "大杨树第一中学",
                                            "source":  "amap_place_text",
                                            "type":  "科教文化服务;学校;中学",
                                            "address":  "大杨树镇",
                                            "adname":  "鄂伦春自治旗",
                                            "query":  "大杨树林场"
                                        }
                     },
                     {
                         "type":  "Feature",
                         "geometry":  {
                                          "coordinates":  [
                                                              124.609946,
                                                              49.748734
                                                          ],
                                          "type":  "Point"
                                      },
                         "properties":  {
                                            "id":  "B01D601KLZ",
                                            "name":  "大杨树站",
                                            "source":  "amap_place_text",
                                            "type":  "交通设施服务;火车站;火车站",
                                            "address":  "甘奎路南200米",
                                            "adname":  "鄂伦春自治旗",
                                            "query":  "大杨树林场"
                                        }
                     },
                     {
                         "type":  "Feature",
                         "geometry":  {
                                          "coordinates":  [
                                                              124.6101337,
                                                              49.7430561
                                                          ],
                                          "type":  "Point"
                                      },
                         "properties":  {
                                            "id":  "B01D601KM5",
                                            "name":  "大杨树地区人民检察院",
                                            "source":  "amap_place_text",
                                            "type":  "政府机构及社会团体;公检法机构;检察院",
                                            "address":  "111国道大杨树第一小学附近",
                                            "adname":  "鄂伦春自治旗",
                                            "query":  "大杨树林场"
                                        }
                     },
                     {
                         "type":  "Feature",
                         "geometry":  {
                                          "coordinates":  [
                                                              121.395408,
                                                              49.579994
                                                          ],
                                          "type":  "Point"
                                      },
                         "properties":  {
                                            "id":  "B01D601KQG",
                                            "name":  "内蒙古自治区乌尔其汉森林公安局",
                                            "source":  "amap_place_text",
                                            "type":  "政府机构及社会团体;公检法机构;公安警察",
                                            "address":  "乌尔旗汗森林公安局",
                                            "adname":  "牙克石市",
                                            "query":  "乌尔旗汉林业局"
                                        }
                     },
                     {
                         "type":  "Feature",
                         "geometry":  {
                                          "coordinates":  [
                                                              121.395408,
                                                              49.579994
                                                          ],
                                          "type":  "Point"
                                      },
                         "properties":  {
                                            "id":  "B01D601KQG",
                                            "name":  "内蒙古自治区乌尔其汉森林公安局",
                                            "source":  "amap_place_text",
                                            "type":  "政府机构及社会团体;公检法机构;公安警察",
                                            "address":  "乌尔旗汗森林公安局",
                                            "adname":  "牙克石市",
                                            "query":  "牙克石林业局"
                                        }
                     },
                     {
                         "type":  "Feature",
                         "geometry":  {
                                          "coordinates":  [
                                                              124.644149,
                                                              49.373651
                                                          ],
                                          "type":  "Point"
                                      },
                         "properties":  {
                                            "id":  "B01D601KQY",
                                            "name":  "甘河农场公园",
                                            "source":  "amap_place_text",
                                            "type":  "风景名胜;公园广场;公园",
                                            "address":  "111国道西100米",
                                            "adname":  "莫力达瓦达斡尔族自治旗",
                                            "query":  "甘河林场"
                                        }
                     },
                     {
                         "type":  "Feature",
                         "geometry":  {
                                          "coordinates":  [
                                                              124.637953,
                                                              49.380698
                                                          ],
                                          "type":  "Point"
                                      },
                         "properties":  {
                                            "id":  "B01D601KR1",
                                            "name":  "甘河农场学校",
                                            "source":  "amap_place_text",
                                            "type":  "科教文化服务;学校;中学",
                                            "address":  "长兴路",
                                            "adname":  "莫力达瓦达斡尔族自治旗",
                                            "query":  "甘河林场"
                                        }
                     },
                     {
                         "type":  "Feature",
                         "geometry":  {
                                          "coordinates":  [
                                                              124.646414,
                                                              49.367672
                                                          ],
                                          "type":  "Point"
                                      },
                         "properties":  {
                                            "id":  "B01D601KR7",
                                            "name":  "莫旗甘河农场南中国石油甘河加油站",
                                            "source":  "amap_place_text",
                                            "type":  "汽车服务;加油站;中国石油",
                                            "address":  "111国道西甘河交警队斜对面",
                                            "adname":  "莫力达瓦达斡尔族自治旗",
                                            "query":  "甘河林场"
                                        }
                     },
                     {
                         "type":  "Feature",
                         "geometry":  {
                                          "coordinates":  [
                                                              121.363416,
                                                              48.339368
                                                          ],
                                          "type":  "Point"
                                      },
                         "properties":  {
                                            "id":  "B01D60N1X8",
                                            "name":  "内蒙古绰源林业局",
                                            "source":  "amap_place_text",
                                            "type":  "政府机构及社会团体;政府机关;乡镇级政府及事业单位",
                                            "address":  "绰河源镇",
                                            "adname":  "牙克石市",
                                            "query":  "牙克石林业局"
                                        }
                     },
                     {
                         "type":  "Feature",
                         "geometry":  {
                                          "coordinates":  [
                                                              123.76189,
                                                              50.566713
                                                          ],
                                          "type":  "Point"
                                      },
                         "properties":  {
                                            "id":  "B01D60N3DT",
                                            "name":  "阿里河",
                                            "source":  "amap_place_text",
                                            "type":  "地名地址信息;自然地名;河流",
                                            "address":  "鄂伦春自治旗",
                                            "adname":  "鄂伦春自治旗",
                                            "query":  "阿里河林场"
                                        }
                     },
                     {
                         "type":  "Feature",
                         "geometry":  {
                                          "coordinates":  [
                                                              123.050241,
                                                              50.632312
                                                          ],
                                          "type":  "Point"
                                      },
                         "properties":  {
                                            "id":  "B01D60N5ZZ",
                                            "name":  "甘河林业局工会委员会",
                                            "source":  "amap_place_text",
                                            "type":  "政府机构及社会团体;社会团体;社会团体相关",
                                            "address":  "中央街与六顺路交叉口东100米",
                                            "adname":  "鄂伦春自治旗",
                                            "query":  "甘河林业局"
                                        }
                     },
                     {
                         "type":  "Feature",
                         "geometry":  {
                                          "coordinates":  [
                                                              121.056554,
                                                              50.995496
                                                          ],
                                          "type":  "Point"
                                      },
                         "properties":  {
                                            "id":  "B01D60N60D",
                                            "name":  "内蒙古自治区得耳布尔森林公安局",
                                            "source":  "amap_place_text",
                                            "type":  "政府机构及社会团体;公检法机构;公安警察",
                                            "address":  "得耳布尔林业局东南门西南100米",
                                            "adname":  "根河市",
                                            "query":  "根河林业局"
                                        }
                     },
                     {
                         "type":  "Feature",
                         "geometry":  {
                                          "coordinates":  [
                                                              123.20638,
                                                              50.582003
                                                          ],
                                          "type":  "Point"
                                      },
                         "properties":  {
                                            "id":  "B01D60N60X",
                                            "name":  "中共吉文林业局委员会",
                                            "source":  "amap_place_text",
                                            "type":  "政府机构及社会团体;政府机关;乡镇级政府及事业单位",
                                            "address":  "吉文森工公司东侧80米",
                                            "adname":  "鄂伦春自治旗",
                                            "query":  "吉文林业局"
                                        }
                     },
                     {
                         "type":  "Feature",
                         "geometry":  {
                                          "coordinates":  [
                                                              121.682319,
                                                              50.485133
                                                          ],
                                          "type":  "Point"
                                      },
                         "properties":  {
                                            "id":  "B01D60N62Z",
                                            "name":  "图里河林业局工会",
                                            "source":  "amap_place_text",
                                            "type":  "政府机构及社会团体;社会团体;社会团体相关",
                                            "address":  "隆丰超市东北侧120米",
                                            "adname":  "牙克石市",
                                            "query":  "图里河林业局"
                                        }
                     },
                     {
                         "type":  "Feature",
                         "geometry":  {
                                          "coordinates":  [
                                                              124.623658,
                                                              49.736936
                                                          ],
                                          "type":  "Point"
                                      },
                         "properties":  {
                                            "id":  "B01D60N65N",
                                            "name":  "大杨树森林公安局中心派出所",
                                            "source":  "amap_place_text",
                                            "type":  "政府机构及社会团体;公检法机构;公安警察",
                                            "address":  "甘奎路自治旗大杨树森林公安局西南",
                                            "adname":  "鄂伦春自治旗",
                                            "query":  "大杨树林业局"
                                        }
                     },
                     {
                         "type":  "Feature",
                         "geometry":  {
                                          "coordinates":  [
                                                              123.204891,
                                                              50.581112
                                                          ],
                                          "type":  "Point"
                                      },
                         "properties":  {
                                            "id":  "B01D60N66D",
                                            "name":  "中共吉文森林公安局委员会",
                                            "source":  "amap_place_text",
                                            "type":  "政府机构及社会团体;公检法机构;公安警察",
                                            "address":  "鑫永利茶庄北侧",
                                            "adname":  "鄂伦春自治旗",
                                            "query":  "吉文林业局"
                                        }
                     },
                     {
                         "type":  "Feature",
                         "geometry":  {
                                          "coordinates":  [
                                                              122.330809,
                                                              48.315113
                                                          ],
                                          "type":  "Point"
                                      },
                         "properties":  {
                                            "id":  "B01D60N68I",
                                            "name":  "巴林林业局",
                                            "source":  "amap_place_text",
                                            "type":  "政府机构及社会团体;政府机关;乡镇级政府及事业单位",
                                            "address":  "巴林镇",
                                            "adname":  "牙克石市",
                                            "query":  "牙克石林业局"
                                        }
                     },
                     {
                         "type":  "Feature",
                         "geometry":  {
                                          "coordinates":  [
                                                              121.650187,
                                                              50.514903
                                                          ],
                                          "type":  "Point"
                                      },
                         "properties":  {
                                            "id":  "B01D60N69T",
                                            "name":  "内蒙古图里河林业局营林生产科",
                                            "source":  "amap_place_text",
                                            "type":  "政府机构及社会团体;政府机关;政府机关相关",
                                            "address":  "302县道西50米",
                                            "adname":  "牙克石市",
                                            "query":  "图里河林业局"
                                        }
                     },
                     {
                         "type":  "Feature",
                         "geometry":  {
                                          "coordinates":  [
                                                              123.03718,
                                                              50.632696
                                                          ],
                                          "type":  "Point"
                                      },
                         "properties":  {
                                            "id":  "B01D60N6CC",
                                            "name":  "甘河中学",
                                            "source":  "amap_place_text",
                                            "type":  "科教文化服务;学校;中学",
                                            "address":  "甘河镇301省道附近",
                                            "adname":  "鄂伦春自治旗",
                                            "query":  "甘河林业局"
                                        }
                     },
                     {
                         "type":  "Feature",
                         "geometry":  {
                                          "coordinates":  [
                                                              121.519075,
                                                              50.778187
                                                          ],
                                          "type":  "Point"
                                      },
                         "properties":  {
                                            "id":  "B01D60N6CD",
                                            "name":  "根河市森林公安局",
                                            "source":  "amap_place_text",
                                            "type":  "政府机构及社会团体;公检法机构;公安警察",
                                            "address":  "兴安路与双拥街交叉口西140米",
                                            "adname":  "根河市",
                                            "query":  "根河林业局"
                                        }
                     },
                     {
                         "type":  "Feature",
                         "geometry":  {
                                          "coordinates":  [
                                                              120.710668,
                                                              49.290497
                                                          ],
                                          "type":  "Point"
                                      },
                         "properties":  {
                                            "id":  "B01D60N6CR",
                                            "name":  "大兴安岭林业管理局社会保险和再就业第一办事处",
                                            "source":  "amap_place_text",
                                            "type":  "政府机构及社会团体;政府机关;政府机关相关",
                                            "address":  "光明路32号",
                                            "adname":  "牙克石市",
                                            "query":  "牙克石林业局"
                                        }
                     },
                     {
                         "type":  "Feature",
                         "geometry":  {
                                          "coordinates":  [
                                                              121.056931,
                                                              50.996953
                                                          ],
                                          "type":  "Point"
                                      },
                         "properties":  {
                                            "id":  "B01D60N6EI",
                                            "name":  "得耳布尔林业局总务处",
                                            "source":  "amap_place_text",
                                            "type":  "政府机构及社会团体;政府机关;乡镇级政府及事业单位",
                                            "address":  "林局幼儿园附近",
                                            "adname":  "根河市",
                                            "query":  "根河林业局"
                                        }
                     },
                     {
                         "type":  "Feature",
                         "geometry":  {
                                          "coordinates":  [
                                                              121.623241,
                                                              50.028754
                                                          ],
                                          "type":  "Point"
                                      },
                         "properties":  {
                                            "id":  "B01D60N6L0",
                                            "name":  "牙克石市人民法院库都尔法庭",
                                            "source":  "amap_place_text",
                                            "type":  "政府机构及社会团体;公检法机构;法院",
                                            "address":  "库都尔林业局中学东南侧130米",
                                            "adname":  "牙克石市",
                                            "query":  "库都尔林业局"
                                        }
                     },
                     {
                         "type":  "Feature",
                         "geometry":  {
                                          "coordinates":  [
                                                              124.624094,
                                                              49.742265
                                                          ],
                                          "type":  "Point"
                                      },
                         "properties":  {
                                            "id":  "B01D60N6LV",
                                            "name":  "大杨树宾馆",
                                            "source":  "amap_place_text",
                                            "type":  "住宿服务;宾馆酒店;宾馆酒店",
                                            "address":  "甘奎路与嫩源路交叉口东南角",
                                            "adname":  "鄂伦春自治旗",
                                            "query":  "大杨树林场"
                                        }
                     },
                     {
                         "type":  "Feature",
                         "geometry":  {
                                          "coordinates":  [
                                                              121.681816,
                                                              50.482688
                                                          ],
                                          "type":  "Point"
                                      },
                         "properties":  {
                                            "id":  "B01D60N6ZK",
                                            "name":  "中国联通(图里河营业厅)",
                                            "source":  "amap_place_text",
                                            "type":  "生活服务;电讯营业厅;中国联通营业厅",
                                            "address":  "图里河林业局西北侧140米",
                                            "adname":  "牙克石市",
                                            "query":  "图里河林业局"
                                        }
                     },
                     {
                         "type":  "Feature",
                         "geometry":  {
                                          "coordinates":  [
                                                              121.049458,
                                                              49.095729
                                                          ],
                                          "type":  "Point"
                                      },
                         "properties":  {
                                            "id":  "B01D60N7PP",
                                            "name":  "免渡河林业局",
                                            "source":  "amap_place_text",
                                            "type":  "政府机构及社会团体;政府机关;乡镇级政府及事业单位",
                                            "address":  "免渡河镇二道街",
                                            "adname":  "牙克石市",
                                            "query":  "免渡河林业局"
                                        }
                     },
                     {
                         "type":  "Feature",
                         "geometry":  {
                                          "coordinates":  [
                                                              121.049458,
                                                              49.095729
                                                          ],
                                          "type":  "Point"
                                      },
                         "properties":  {
                                            "id":  "B01D60N7PP",
                                            "name":  "免渡河林业局",
                                            "source":  "amap_place_text",
                                            "type":  "政府机构及社会团体;政府机关;乡镇级政府及事业单位",
                                            "address":  "免渡河镇二道街",
                                            "adname":  "牙克石市",
                                            "query":  "牙克石林业局"
                                        }
                     },
                     {
                         "type":  "Feature",
                         "geometry":  {
                                          "coordinates":  [
                                                              121.04926,
                                                              49.095598
                                                          ],
                                          "type":  "Point"
                                      },
                         "properties":  {
                                            "id":  "B01D60N7SF",
                                            "name":  "中共免渡河林业局委员会",
                                            "source":  "amap_place_text",
                                            "type":  "政府机构及社会团体;政府机关;乡镇级政府及事业单位",
                                            "address":  "中华路二道街",
                                            "adname":  "牙克石市",
                                            "query":  "免渡河林业局"
                                        }
                     },
                     {
                         "type":  "Feature",
                         "geometry":  {
                                          "coordinates":  [
                                                              121.04926,
                                                              49.095598
                                                          ],
                                          "type":  "Point"
                                      },
                         "properties":  {
                                            "id":  "B01D60N7SF",
                                            "name":  "中共免渡河林业局委员会",
                                            "source":  "amap_place_text",
                                            "type":  "政府机构及社会团体;政府机关;乡镇级政府及事业单位",
                                            "address":  "中华路二道街",
                                            "adname":  "牙克石市",
                                            "query":  "牙克石林业局"
                                        }
                     },
                     {
                         "type":  "Feature",
                         "geometry":  {
                                          "coordinates":  [
                                                              121.253007,
                                                              48.859752
                                                          ],
                                          "type":  "Point"
                                      },
                         "properties":  {
                                            "id":  "B01D60N7T7",
                                            "name":  "乌奴尔林业局",
                                            "source":  "amap_place_text",
                                            "type":  "政府机构及社会团体;政府机关;乡镇级政府及事业单位",
                                            "address":  "乌奴尔镇大桥街",
                                            "adname":  "牙克石市",
                                            "query":  "牙克石林业局"
                                        }
                     },
                     {
                         "type":  "Feature",
                         "geometry":  {
                                          "coordinates":  [
                                                              123.045097,
                                                              50.63224
                                                          ],
                                          "type":  "Point"
                                      },
                         "properties":  {
                                            "id":  "B01D60N800",
                                            "name":  "中国邮政鄂伦春自治旗甘河支局(甘河邮政支局)",
                                            "source":  "amap_place_text",
                                            "type":  "生活服务;邮局;邮局",
                                            "address":  "甘河镇甘河林业局",
                                            "adname":  "鄂伦春自治旗",
                                            "query":  "甘河林业局"
                                        }
                     },
                     {
                         "type":  "Feature",
                         "geometry":  {
                                          "coordinates":  [
                                                              121.051469,
                                                              49.090645
                                                          ],
                                          "type":  "Point"
                                      },
                         "properties":  {
                                            "id":  "B01D60N82S",
                                            "name":  "牙克石市免渡河国有林场",
                                            "source":  "amap_place_text",
                                            "type":  "公司企业;农林牧渔基地;其它农林牧渔基地",
                                            "address":  "中华路四道街",
                                            "adname":  "牙克石市",
                                            "query":  "免渡河林业局"
                                        }
                     },
                     {
                         "type":  "Feature",
                         "geometry":  {
                                          "coordinates":  [
                                                              121.051469,
                                                              49.090645
                                                          ],
                                          "type":  "Point"
                                      },
                         "properties":  {
                                            "id":  "B01D60N82S",
                                            "name":  "牙克石市免渡河国有林场",
                                            "source":  "amap_place_text",
                                            "type":  "公司企业;农林牧渔基地;其它农林牧渔基地",
                                            "address":  "中华路四道街",
                                            "adname":  "牙克石市",
                                            "query":  "牙克石林场"
                                        }
                     },
                     {
                         "type":  "Feature",
                         "geometry":  {
                                          "coordinates":  [
                                                              121.553288,
                                                              50.651274
                                                          ],
                                          "type":  "Point"
                                      },
                         "properties":  {
                                            "id":  "B01D60N8AL",
                                            "name":  "伊图里河林业局伊西检查站",
                                            "source":  "amap_place_text",
                                            "type":  "政府机构及社会团体;政府机关;政府机关相关",
                                            "address":  "301省道西50米",
                                            "adname":  "牙克石市",
                                            "query":  "图里河林业局"
                                        }
                     },
                     {
                         "type":  "Feature",
                         "geometry":  {
                                          "coordinates":  [
                                                              121.553288,
                                                              50.651274
                                                          ],
                                          "type":  "Point"
                                      },
                         "properties":  {
                                            "id":  "B01D60N8AL",
                                            "name":  "伊图里河林业局伊西检查站",
                                            "source":  "amap_place_text",
                                            "type":  "政府机构及社会团体;政府机关;政府机关相关",
                                            "address":  "301省道西50米",
                                            "adname":  "牙克石市",
                                            "query":  "伊图里河林业局"
                                        }
                     },
                     {
                         "type":  "Feature",
                         "geometry":  {
                                          "coordinates":  [
                                                              121.053951,
                                                              49.090347
                                                          ],
                                          "type":  "Point"
                                      },
                         "properties":  {
                                            "id":  "B01D60N8B0",
                                            "name":  "中共免渡河林业局红旗林场支部委员会",
                                            "source":  "amap_place_text",
                                            "type":  "政府机构及社会团体;政府机关;政府机关相关",
                                            "address":  "Z005附近",
                                            "adname":  "牙克石市",
                                            "query":  "免渡河林业局"
                                        }
                     },
                     {
                         "type":  "Feature",
                         "geometry":  {
                                          "coordinates":  [
                                                              121.053951,
                                                              49.090347
                                                          ],
                                          "type":  "Point"
                                      },
                         "properties":  {
                                            "id":  "B01D60N8B0",
                                            "name":  "中共免渡河林业局红旗林场支部委员会",
                                            "source":  "amap_place_text",
                                            "type":  "政府机构及社会团体;政府机关;政府机关相关",
                                            "address":  "Z005附近",
                                            "adname":  "牙克石市",
                                            "query":  "牙克石林业局"
                                        }
                     },
                     {
                         "type":  "Feature",
                         "geometry":  {
                                          "coordinates":  [
                                                              120.72405,
                                                              49.297214
                                                          ],
                                          "type":  "Point"
                                      },
                         "properties":  {
                                            "id":  "B01D60N8GU",
                                            "name":  "内蒙古牙克石森林公安局",
                                            "source":  "amap_place_text",
                                            "type":  "政府机构及社会团体;公检法机构;公安警察",
                                            "address":  "工业大街4号",
                                            "adname":  "牙克石市",
                                            "query":  "牙克石林业局"
                                        }
                     },
                     {
                         "type":  "Feature",
                         "geometry":  {
                                          "coordinates":  [
                                                              124.6246,
                                                              49.731183
                                                          ],
                                          "type":  "Point"
                                      },
                         "properties":  {
                                            "id":  "B01D60N8JP",
                                            "name":  "蓝天网吧(大杨树林业局园丁小区东南)",
                                            "source":  "amap_place_text",
                                            "type":  "体育休闲服务;娱乐场所;网吧",
                                            "address":  "319县道大杨树林业局园丁小区东南角底商",
                                            "adname":  "鄂伦春自治旗",
                                            "query":  "大杨树林业局"
                                        }
                     },
                     {
                         "type":  "Feature",
                         "geometry":  {
                                          "coordinates":  [
                                                              124.586242,
                                                              49.753591
                                                          ],
                                          "type":  "Point"
                                      },
                         "properties":  {
                                            "id":  "B01D60N8O5",
                                            "name":  "大杨树客运站",
                                            "source":  "amap_place_text",
                                            "type":  "交通设施服务;长途汽车站;长途汽车站",
                                            "address":  "大杨树镇",
                                            "adname":  "鄂伦春自治旗",
                                            "query":  "大杨树林场"
                                        }
                     },
                     {
                         "type":  "Feature",
                         "geometry":  {
                                          "coordinates":  [
                                                              124.621835,
                                                              49.734443
                                                          ],
                                          "type":  "Point"
                                      },
                         "properties":  {
                                            "id":  "B01D60N8OW",
                                            "name":  "大杨树第三中学",
                                            "source":  "amap_place_text",
                                            "type":  "科教文化服务;学校;中学",
                                            "address":  "大杨树镇",
                                            "adname":  "鄂伦春自治旗",
                                            "query":  "大杨树林业局"
                                        }
                     },
                     {
                         "type":  "Feature",
                         "geometry":  {
                                          "coordinates":  [
                                                              120.729268,
                                                              49.297677
                                                          ],
                                          "type":  "Point"
                                      },
                         "properties":  {
                                            "id":  "B01D60N8PI",
                                            "name":  "大兴安岭林管局社会保险和再就业第二办事处委员会",
                                            "source":  "amap_place_text",
                                            "type":  "政府机构及社会团体;政府机关;政府机关相关",
                                            "address":  "工业大街与青松北路交叉口东北40米",
                                            "adname":  "牙克石市",
                                            "query":  "牙克石林业局"
                                        }
                     },
                     {
                         "type":  "Feature",
                         "geometry":  {
                                          "coordinates":  [
                                                              124.622368,
                                                              49.733184
                                                          ],
                                          "type":  "Point"
                                      },
                         "properties":  {
                                            "id":  "B01D60N8YV",
                                            "name":  "大杨树林业局园丁小区",
                                            "source":  "amap_place_text",
                                            "type":  "商务住宅;住宅区;住宅小区",
                                            "address":  "",
                                            "adname":  "鄂伦春自治旗",
                                            "query":  "大杨树林业局"
                                        }
                     },
                     {
                         "type":  "Feature",
                         "geometry":  {
                                          "coordinates":  [
                                                              124.631157,
                                                              49.733305
                                                          ],
                                          "type":  "Point"
                                      },
                         "properties":  {
                                            "id":  "B01D60N8YX",
                                            "name":  "大杨树第二小学",
                                            "source":  "amap_place_text",
                                            "type":  "科教文化服务;学校;小学",
                                            "address":  "大杨树镇",
                                            "adname":  "鄂伦春自治旗",
                                            "query":  "大杨树林场"
                                        }
                     },
                     {
                         "type":  "Feature",
                         "geometry":  {
                                          "coordinates":  [
                                                              123.059379,
                                                              50.629665
                                                          ],
                                          "type":  "Point"
                                      },
                         "properties":  {
                                            "id":  "B01D60N8Z7",
                                            "name":  "甘河站",
                                            "source":  "amap_place_text",
                                            "type":  "交通设施服务;火车站;火车站",
                                            "address":  "甘河镇",
                                            "adname":  "鄂伦春自治旗",
                                            "query":  "甘河林场"
                                        }
                     },
                     {
                         "type":  "Feature",
                         "geometry":  {
                                          "coordinates":  [
                                                              121.66336,
                                                              50.041035
                                                          ],
                                          "type":  "Point"
                                      },
                         "properties":  {
                                            "id":  "B01D60N9AJ",
                                            "name":  "小九亚林场",
                                            "source":  "amap_place_text",
                                            "type":  "公司企业;农林牧渔基地;其它农林牧渔基地",
                                            "address":  "",
                                            "adname":  "牙克石市",
                                            "query":  "牙克石林场"
                                        }
                     },
                     {
                         "type":  "Feature",
                         "geometry":  {
                                          "coordinates":  [
                                                              121.682877,
                                                              50.481229
                                                          ],
                                          "type":  "Point"
                                      },
                         "properties":  {
                                            "id":  "B01D60N9EH",
                                            "name":  "图里河森林工业有限公司",
                                            "source":  "amap_place_text",
                                            "type":  "公司企业;公司;公司",
                                            "address":  "图里河镇",
                                            "adname":  "牙克石市",
                                            "query":  "图里河林业局"
                                        }
                     },
                     {
                         "type":  "Feature",
                         "geometry":  {
                                          "coordinates":  [
                                                              122.521884,
                                                              50.654265
                                                          ],
                                          "type":  "Point"
                                      },
                         "properties":  {
                                            "id":  "B01D60N9M2",
                                            "name":  "中共克一河森林公安局委员会",
                                            "source":  "amap_place_text",
                                            "type":  "政府机构及社会团体;公检法机构;公安警察",
                                            "address":  "中央街",
                                            "adname":  "鄂伦春自治旗",
                                            "query":  "克一河林业局"
                                        }
                     },
                     {
                         "type":  "Feature",
                         "geometry":  {
                                          "coordinates":  [
                                                              122.522187,
                                                              50.653801
                                                          ],
                                          "type":  "Point"
                                      },
                         "properties":  {
                                            "id":  "B01D60N9QP",
                                            "name":  "内蒙古自治区克一河森林公安局",
                                            "source":  "amap_place_text",
                                            "type":  "政府机构及社会团体;公检法机构;公安警察",
                                            "address":  "克一河森林公安局",
                                            "adname":  "鄂伦春自治旗",
                                            "query":  "克一河林业局"
                                        }
                     },
                     {
                         "type":  "Feature",
                         "geometry":  {
                                          "coordinates":  [
                                                              119.73257,
                                                              49.213825
                                                          ],
                                          "type":  "Point"
                                      },
                         "properties":  {
                                            "id":  "B01D60NA0M",
                                            "name":  "海拉尔西山自然保护区管理局",
                                            "source":  "amap_place_text",
                                            "type":  "政府机构及社会团体;政府机关;区县级政府及事业单位",
                                            "address":  "西交界街森林公安局",
                                            "adname":  "海拉尔区",
                                            "query":  "海拉尔林业局"
                                        }
                     },
                     {
                         "type":  "Feature",
                         "geometry":  {
                                          "coordinates":  [
                                                              123.216319,
                                                              50.572477
                                                          ],
                                          "type":  "Point"
                                      },
                         "properties":  {
                                            "id":  "B01D60NA3E",
                                            "name":  "吉文林业局燃料供应处",
                                            "source":  "amap_place_text",
                                            "type":  "公司企业;公司;公司",
                                            "address":  "吉文镇",
                                            "adname":  "鄂伦春自治旗",
                                            "query":  "吉文林业局"
                                        }
                     },
                     {
                         "type":  "Feature",
                         "geometry":  {
                                          "coordinates":  [
                                                              122.493825,
                                                              50.650837
                                                          ],
                                          "type":  "Point"
                                      },
                         "properties":  {
                                            "id":  "B01D60NA79",
                                            "name":  "克一河派出所",
                                            "source":  "amap_place_text",
                                            "type":  "政府机构及社会团体;公检法机构;公安警察",
                                            "address":  "301省道110号",
                                            "adname":  "鄂伦春自治旗",
                                            "query":  "克一河林业局"
                                        }
                     },
                     {
                         "type":  "Feature",
                         "geometry":  {
                                          "coordinates":  [
                                                              124.378382,
                                                              49.888773
                                                          ],
                                          "type":  "Point"
                                      },
                         "properties":  {
                                            "id":  "B01D60NA81",
                                            "name":  "乌鲁布铁管护站",
                                            "source":  "amap_place_text",
                                            "type":  "政府机构及社会团体;政府机关;乡镇级政府及事业单位",
                                            "address":  "中国石油乌鲁布铁镇加油站东南侧200米",
                                            "adname":  "鄂伦春自治旗",
                                            "query":  "大杨树林业局"
                                        }
                     },
                     {
                         "type":  "Feature",
                         "geometry":  {
                                          "coordinates":  [
                                                              122.494511,
                                                              50.650733
                                                          ],
                                          "type":  "Point"
                                      },
                         "properties":  {
                                            "id":  "B01D60NAMW",
                                            "name":  "诺敏山庄",
                                            "source":  "amap_place_text",
                                            "type":  "餐饮服务;中餐厅;综合酒楼|体育休闲服务;休闲场所;休闲场所",
                                            "address":  "克一河林业局",
                                            "adname":  "鄂伦春自治旗",
                                            "query":  "克一河林业局"
                                        }
                     },
                     {
                         "type":  "Feature",
                         "geometry":  {
                                          "coordinates":  [
                                                              121.075781,
                                                              50.994046
                                                          ],
                                          "type":  "Point"
                                      },
                         "properties":  {
                                            "id":  "B01D60NAP6",
                                            "name":  "得耳布尔林业局物资供应管理处",
                                            "source":  "amap_place_text",
                                            "type":  "政府机构及社会团体;政府机关;乡镇级政府及事业单位",
                                            "address":  "得耳布尔镇",
                                            "adname":  "根河市",
                                            "query":  "根河林业局"
                                        }
                     },
                     {
                         "type":  "Feature",
                         "geometry":  {
                                          "coordinates":  [
                                                              121.137201,
                                                              50.948795
                                                          ],
                                          "type":  "Point"
                                      },
                         "properties":  {
                                            "id":  "B01D60NAZK",
                                            "name":  "得耳布尔林业局森林资源管护大队花楸山管护站",
                                            "source":  "amap_place_text",
                                            "type":  "政府机构及社会团体;政府机关;政府机关相关",
                                            "address":  "325县道西北侧",
                                            "adname":  "根河市",
                                            "query":  "根河林业局"
                                        }
                     },
                     {
                         "type":  "Feature",
                         "geometry":  {
                                          "coordinates":  [
                                                              123.210125,
                                                              50.582345
                                                          ],
                                          "type":  "Point"
                                      },
                         "properties":  {
                                            "id":  "B01D60NB5E",
                                            "name":  "内蒙古自治区吉文林业局贮木场",
                                            "source":  "amap_place_text",
                                            "type":  "公司企业;公司;公司",
                                            "address":  "吉文镇",
                                            "adname":  "鄂伦春自治旗",
                                            "query":  "阿里河林业局"
                                        }
                     },
                     {
                         "type":  "Feature",
                         "geometry":  {
                                          "coordinates":  [
                                                              123.210125,
                                                              50.582345
                                                          ],
                                          "type":  "Point"
                                      },
                         "properties":  {
                                            "id":  "B01D60NB5E",
                                            "name":  "内蒙古自治区吉文林业局贮木场",
                                            "source":  "amap_place_text",
                                            "type":  "公司企业;公司;公司",
                                            "address":  "吉文镇",
                                            "adname":  "鄂伦春自治旗",
                                            "query":  "吉文林业局"
                                        }
                     },
                     {
                         "type":  "Feature",
                         "geometry":  {
                                          "coordinates":  [
                                                              122.334963,
                                                              50.64838
                                                          ],
                                          "type":  "Point"
                                      },
                         "properties":  {
                                            "id":  "B01D60NB78",
                                            "name":  "伊图里河林业局银阿森林资源管护所总支委员会",
                                            "source":  "amap_place_text",
                                            "type":  "政府机构及社会团体;政府机关;政府机关相关",
                                            "address":  "301省道北50米",
                                            "adname":  "鄂伦春自治旗",
                                            "query":  "图里河林业局"
                                        }
                     },
                     {
                         "type":  "Feature",
                         "geometry":  {
                                          "coordinates":  [
                                                              122.334963,
                                                              50.64838
                                                          ],
                                          "type":  "Point"
                                      },
                         "properties":  {
                                            "id":  "B01D60NB78",
                                            "name":  "伊图里河林业局银阿森林资源管护所总支委员会",
                                            "source":  "amap_place_text",
                                            "type":  "政府机构及社会团体;政府机关;政府机关相关",
                                            "address":  "301省道北50米",
                                            "adname":  "鄂伦春自治旗",
                                            "query":  "伊图里河林业局"
                                        }
                     },
                     {
                         "type":  "Feature",
                         "geometry":  {
                                          "coordinates":  [
                                                              121.650187,
                                                              50.514903
                                                          ],
                                          "type":  "Point"
                                      },
                         "properties":  {
                                            "id":  "B01D60NBFV",
                                            "name":  "图里河林业局森林病虫害防治检疫站",
                                            "source":  "amap_place_text",
                                            "type":  "政府机构及社会团体;政府机关;政府机关相关",
                                            "address":  "302县道西50米",
                                            "adname":  "牙克石市",
                                            "query":  "图里河林业局"
                                        }
                     },
                     {
                         "type":  "Feature",
                         "geometry":  {
                                          "coordinates":  [
                                                              123.050544,
                                                              50.632735
                                                          ],
                                          "type":  "Point"
                                      },
                         "properties":  {
                                            "id":  "B01D60NBGW",
                                            "name":  "甘河林业局",
                                            "source":  "amap_place_text",
                                            "type":  "政府机构及社会团体;政府机关;乡镇级政府及事业单位",
                                            "address":  "甘河镇",
                                            "adname":  "鄂伦春自治旗",
                                            "query":  "甘河林场"
                                        }
                     },
                     {
                         "type":  "Feature",
                         "geometry":  {
                                          "coordinates":  [
                                                              123.050544,
                                                              50.632735
                                                          ],
                                          "type":  "Point"
                                      },
                         "properties":  {
                                            "id":  "B01D60NBGW",
                                            "name":  "甘河林业局",
                                            "source":  "amap_place_text",
                                            "type":  "政府机构及社会团体;政府机关;乡镇级政府及事业单位",
                                            "address":  "甘河镇",
                                            "adname":  "鄂伦春自治旗",
                                            "query":  "甘河林业局"
                                        }
                     },
                     {
                         "type":  "Feature",
                         "geometry":  {
                                          "coordinates":  [
                                                              121.683209,
                                                              50.485091
                                                          ],
                                          "type":  "Point"
                                      },
                         "properties":  {
                                            "id":  "B01D60NBMQ",
                                            "name":  "图里河林业局幼儿园",
                                            "source":  "amap_place_text",
                                            "type":  "科教文化服务;学校;幼儿园",
                                            "address":  "图里河镇",
                                            "adname":  "牙克石市",
                                            "query":  "图里河林业局"
                                        }
                     },
                     {
                         "type":  "Feature",
                         "geometry":  {
                                          "coordinates":  [
                                                              121.684119,
                                                              50.484943
                                                          ],
                                          "type":  "Point"
                                      },
                         "properties":  {
                                            "id":  "B01D60NBMR",
                                            "name":  "中共图里河森林公安局委员会",
                                            "source":  "amap_place_text",
                                            "type":  "政府机构及社会团体;公检法机构;公安警察",
                                            "address":  "图里河镇内蒙古自治区图里河森林公安局附近",
                                            "adname":  "牙克石市",
                                            "query":  "图里河林业局"
                                        }
                     },
                     {
                         "type":  "Feature",
                         "geometry":  {
                                          "coordinates":  [
                                                              123.727897,
                                                              50.596725
                                                          ],
                                          "type":  "Point"
                                      },
                         "properties":  {
                                            "id":  "B01D60NBMX",
                                            "name":  "中共阿里河林业局森林调查设计队支部委员会",
                                            "source":  "amap_place_text",
                                            "type":  "政府机构及社会团体;政府机关;乡镇级政府及事业单位",
                                            "address":  "龙华路与红旗街交叉口北80米",
                                            "adname":  "鄂伦春自治旗",
                                            "query":  "阿里河林业局"
                                        }
                     },
                     {
                         "type":  "Feature",
                         "geometry":  {
                                          "coordinates":  [
                                                              123.728296,
                                                              50.596712
                                                          ],
                                          "type":  "Point"
                                      },
                         "properties":  {
                                            "id":  "B01D60NBMY",
                                            "name":  "阿里河林业局森林调查设计队",
                                            "source":  "amap_place_text",
                                            "type":  "政府机构及社会团体;政府机关;乡镇级政府及事业单位",
                                            "address":  "龙华路45号",
                                            "adname":  "鄂伦春自治旗",
                                            "query":  "阿里河林业局"
                                        }
                     },
                     {
                         "type":  "Feature",
                         "geometry":  {
                                          "coordinates":  [
                                                              121.057107,
                                                              50.996473
                                                          ],
                                          "type":  "Point"
                                      },
                         "properties":  {
                                            "id":  "B01D60NBQ6",
                                            "name":  "内蒙古得耳布尔林业局",
                                            "source":  "amap_place_text",
                                            "type":  "政府机构及社会团体;政府机关;乡镇级政府及事业单位",
                                            "address":  "Z008附近",
                                            "adname":  "根河市",
                                            "query":  "根河林业局"
                                        }
                     },
                     {
                         "type":  "Feature",
                         "geometry":  {
                                          "coordinates":  [
                                                              124.625848,
                                                              49.737245
                                                          ],
                                          "type":  "Point"
                                      },
                         "properties":  {
                                            "id":  "B01D60NBTY",
                                            "name":  "中共大杨树林业局委员会",
                                            "source":  "amap_place_text",
                                            "type":  "政府机构及社会团体;政府机关;乡镇级政府及事业单位",
                                            "address":  "能源路与甘奎路交叉口南380米",
                                            "adname":  "鄂伦春自治旗",
                                            "query":  "大杨树林业局"
                                        }
                     },
                     {
                         "type":  "Feature",
                         "geometry":  {
                                          "coordinates":  [
                                                              123.731049,
                                                              50.587738
                                                          ],
                                          "type":  "Point"
                                      },
                         "properties":  {
                                            "id":  "B01D60NC2N",
                                            "name":  "中共阿里河森林公安局委员会",
                                            "source":  "amap_place_text",
                                            "type":  "政府机构及社会团体;公检法机构;公安警察",
                                            "address":  "龙华路与文化街交叉口东南60米",
                                            "adname":  "鄂伦春自治旗",
                                            "query":  "阿里河林业局"
                                        }
                     },
                     {
                         "type":  "Feature",
                         "geometry":  {
                                          "coordinates":  [
                                                              124.62537,
                                                              49.737207
                                                          ],
                                          "type":  "Point"
                                      },
                         "properties":  {
                                            "id":  "B01D60NC39",
                                            "name":  "内蒙古大兴安岭森林公安局大杨树分局",
                                            "source":  "amap_place_text",
                                            "type":  "政府机构及社会团体;公检法机构;公安警察",
                                            "address":  "能源路与甘奎路交叉口南400米",
                                            "adname":  "鄂伦春自治旗",
                                            "query":  "大杨树林场"
                                        }
                     },
                     {
                         "type":  "Feature",
                         "geometry":  {
                                          "coordinates":  [
                                                              124.62537,
                                                              49.737207
                                                          ],
                                          "type":  "Point"
                                      },
                         "properties":  {
                                            "id":  "B01D60NC39",
                                            "name":  "内蒙古大兴安岭森林公安局大杨树分局",
                                            "source":  "amap_place_text",
                                            "type":  "政府机构及社会团体;公检法机构;公安警察",
                                            "address":  "能源路与甘奎路交叉口南400米",
                                            "adname":  "鄂伦春自治旗",
                                            "query":  "大杨树林业局"
                                        }
                     },
                     {
                         "type":  "Feature",
                         "geometry":  {
                                          "coordinates":  [
                                                              123.310697,
                                                              50.372023
                                                          ],
                                          "type":  "Point"
                                      },
                         "properties":  {
                                            "id":  "B01D60NEEU",
                                            "name":  "内蒙古阿里河国家森林公园",
                                            "source":  "amap_place_text",
                                            "type":  "风景名胜;公园广场;水族馆",
                                            "address":  "阿里河林业局",
                                            "adname":  "鄂伦春自治旗",
                                            "query":  "阿里河林场"
                                        }
                     },
                     {
                         "type":  "Feature",
                         "geometry":  {
                                          "coordinates":  [
                                                              123.310697,
                                                              50.372023
                                                          ],
                                          "type":  "Point"
                                      },
                         "properties":  {
                                            "id":  "B01D60NEEU",
                                            "name":  "内蒙古阿里河国家森林公园",
                                            "source":  "amap_place_text",
                                            "type":  "风景名胜;公园广场;水族馆",
                                            "address":  "阿里河林业局",
                                            "adname":  "鄂伦春自治旗",
                                            "query":  "阿里河林业局"
                                        }
                     },
                     {
                         "type":  "Feature",
                         "geometry":  {
                                          "coordinates":  [
                                                              121.386505,
                                                              49.568198
                                                          ],
                                          "type":  "Point"
                                      },
                         "properties":  {
                                            "id":  "B01D60NFKY",
                                            "name":  "乌尔其汗森林公安局(第二派出所)",
                                            "source":  "amap_place_text",
                                            "type":  "政府机构及社会团体;公检法机构;公安警察",
                                            "address":  "乌尔其汉镇",
                                            "adname":  "牙克石市",
                                            "query":  "乌尔旗汗林业局"
                                        }
                     },
                     {
                         "type":  "Feature",
                         "geometry":  {
                                          "coordinates":  [
                                                              121.386856,
                                                              49.568939
                                                          ],
                                          "type":  "Point"
                                      },
                         "properties":  {
                                            "id":  "B01D60NG40",
                                            "name":  "乌尔其汉林业局",
                                            "source":  "amap_place_text",
                                            "type":  "政府机构及社会团体;政府机关;乡镇级政府及事业单位",
                                            "address":  "乌尔其汉镇",
                                            "adname":  "牙克石市",
                                            "query":  "乌尔旗汗林业局"
                                        }
                     },
                     {
                         "type":  "Feature",
                         "geometry":  {
                                          "coordinates":  [
                                                              121.386856,
                                                              49.568939
                                                          ],
                                          "type":  "Point"
                                      },
                         "properties":  {
                                            "id":  "B01D60NG40",
                                            "name":  "乌尔其汉林业局",
                                            "source":  "amap_place_text",
                                            "type":  "政府机构及社会团体;政府机关;乡镇级政府及事业单位",
                                            "address":  "乌尔其汉镇",
                                            "adname":  "牙克石市",
                                            "query":  "牙克石林业局"
                                        }
                     },
                     {
                         "type":  "Feature",
                         "geometry":  {
                                          "coordinates":  [
                                                              121.518148,
                                                              51.333504
                                                          ],
                                          "type":  "Point"
                                      },
                         "properties":  {
                                            "id":  "B01D60NG6L",
                                            "name":  "金河林业局森林资源管理处",
                                            "source":  "amap_place_text",
                                            "type":  "政府机构及社会团体;政府机关;政府机关相关",
                                            "address":  "金河镇",
                                            "adname":  "根河市",
                                            "query":  "根河林业局"
                                        }
                     },
                     {
                         "type":  "Feature",
                         "geometry":  {
                                          "coordinates":  [
                                                              121.620809,
                                                              50.029267
                                                          ],
                                          "type":  "Point"
                                      },
                         "properties":  {
                                            "id":  "B01D60NG6U",
                                            "name":  "库都尔林业局",
                                            "source":  "amap_place_text",
                                            "type":  "政府机构及社会团体;政府机关;政府机关相关",
                                            "address":  "",
                                            "adname":  "牙克石市",
                                            "query":  "库都尔林业局"
                                        }
                     },
                     {
                         "type":  "Feature",
                         "geometry":  {
                                          "coordinates":  [
                                                              121.620809,
                                                              50.029267
                                                          ],
                                          "type":  "Point"
                                      },
                         "properties":  {
                                            "id":  "B01D60NG6U",
                                            "name":  "库都尔林业局",
                                            "source":  "amap_place_text",
                                            "type":  "政府机构及社会团体;政府机关;政府机关相关",
                                            "address":  "",
                                            "adname":  "牙克石市",
                                            "query":  "牙克石林业局"
                                        }
                     },
                     {
                         "type":  "Feature",
                         "geometry":  {
                                          "coordinates":  [
                                                              121.683148,
                                                              50.481691
                                                          ],
                                          "type":  "Point"
                                      },
                         "properties":  {
                                            "id":  "B01D60NG8M",
                                            "name":  "图里河林业局",
                                            "source":  "amap_place_text",
                                            "type":  "政府机构及社会团体;政府机关;乡镇级政府及事业单位",
                                            "address":  "",
                                            "adname":  "牙克石市",
                                            "query":  "图里河林业局"
                                        }
                     },
                     {
                         "type":  "Feature",
                         "geometry":  {
                                          "coordinates":  [
                                                              121.683148,
                                                              50.481691
                                                          ],
                                          "type":  "Point"
                                      },
                         "properties":  {
                                            "id":  "B01D60NG8M",
                                            "name":  "图里河林业局",
                                            "source":  "amap_place_text",
                                            "type":  "政府机构及社会团体;政府机关;乡镇级政府及事业单位",
                                            "address":  "",
                                            "adname":  "牙克石市",
                                            "query":  "牙克石林业局"
                                        }
                     },
                     {
                         "type":  "Feature",
                         "geometry":  {
                                          "coordinates":  [
                                                              122.05302,
                                                              52.044785
                                                          ],
                                          "type":  "Point"
                                      },
                         "properties":  {
                                            "id":  "B0FFF3WPG6",
                                            "name":  "满归森林公安局(第二派出所)",
                                            "source":  "amap_place_text",
                                            "type":  "政府机构及社会团体;公检法机构;公安警察",
                                            "address":  "满归镇",
                                            "adname":  "根河市",
                                            "query":  "根河林业局"
                                        }
                     },
                     {
                         "type":  "Feature",
                         "geometry":  {
                                          "coordinates":  [
                                                              121.536335,
                                                              50.781357
                                                          ],
                                          "type":  "Point"
                                      },
                         "properties":  {
                                            "id":  "B0FFF45ZFK",
                                            "name":  "根河林业局电讯管理处",
                                            "source":  "amap_place_text",
                                            "type":  "政府机构及社会团体;政府机关;政府机关相关",
                                            "address":  "林海街",
                                            "adname":  "根河市",
                                            "query":  "根河林业局"
                                        }
                     },
                     {
                         "type":  "Feature",
                         "geometry":  {
                                          "coordinates":  [
                                                              122.055261,
                                                              52.043112
                                                          ],
                                          "type":  "Point"
                                      },
                         "properties":  {
                                            "id":  "B0FFF4V7HK",
                                            "name":  "满归林业局",
                                            "source":  "amap_place_text",
                                            "type":  "政府机构及社会团体;政府机关;乡镇级政府及事业单位",
                                            "address":  "324县道双利商店东30米",
                                            "adname":  "根河市",
                                            "query":  "根河林业局"
                                        }
                     },
                     {
                         "type":  "Feature",
                         "geometry":  {
                                          "coordinates":  [
                                                              121.590332,
                                                              50.64951
                                                          ],
                                          "type":  "Point"
                                      },
                         "properties":  {
                                            "id":  "B0FFF4ZQ4M",
                                            "name":  "伊图里河林业局",
                                            "source":  "amap_place_text",
                                            "type":  "政府机构及社会团体;政府机关;政府机关相关",
                                            "address":  "伊图里河镇",
                                            "adname":  "牙克石市",
                                            "query":  "图里河林业局"
                                        }
                     },
                     {
                         "type":  "Feature",
                         "geometry":  {
                                          "coordinates":  [
                                                              121.590332,
                                                              50.64951
                                                          ],
                                          "type":  "Point"
                                      },
                         "properties":  {
                                            "id":  "B0FFF4ZQ4M",
                                            "name":  "伊图里河林业局",
                                            "source":  "amap_place_text",
                                            "type":  "政府机构及社会团体;政府机关;政府机关相关",
                                            "address":  "伊图里河镇",
                                            "adname":  "牙克石市",
                                            "query":  "牙克石林业局"
                                        }
                     },
                     {
                         "type":  "Feature",
                         "geometry":  {
                                          "coordinates":  [
                                                              121.590332,
                                                              50.64951
                                                          ],
                                          "type":  "Point"
                                      },
                         "properties":  {
                                            "id":  "B0FFF4ZQ4M",
                                            "name":  "伊图里河林业局",
                                            "source":  "amap_place_text",
                                            "type":  "政府机构及社会团体;政府机关;政府机关相关",
                                            "address":  "伊图里河镇",
                                            "adname":  "牙克石市",
                                            "query":  "伊图里河林业局"
                                        }
                     },
                     {
                         "type":  "Feature",
                         "geometry":  {
                                          "coordinates":  [
                                                              121.19663,
                                                              47.981662
                                                          ],
                                          "type":  "Point"
                                      },
                         "properties":  {
                                            "id":  "B0FFF52PNN",
                                            "name":  "绰尔林业局",
                                            "source":  "amap_place_text",
                                            "type":  "政府机构及社会团体;政府机关;乡镇以下级政府及事业单位",
                                            "address":  "泰源建材西南侧180米",
                                            "adname":  "牙克石市",
                                            "query":  "牙克石林业局"
                                        }
                     },
                     {
                         "type":  "Feature",
                         "geometry":  {
                                          "coordinates":  [
                                                              122.335025,
                                                              50.648625
                                                          ],
                                          "type":  "Point"
                                      },
                         "properties":  {
                                            "id":  "B0FFF9025K",
                                            "name":  "银阿林场",
                                            "source":  "amap_place_text",
                                            "type":  "公司企业;农林牧渔基地;其它农林牧渔基地",
                                            "address":  "大兴安岭林管局伊图里河林业局301省道",
                                            "adname":  "鄂伦春自治旗",
                                            "query":  "伊图里河林业局"
                                        }
                     },
                     {
                         "type":  "Feature",
                         "geometry":  {
                                          "coordinates":  [
                                                              123.203973,
                                                              50.580232
                                                          ],
                                          "type":  "Point"
                                      },
                         "properties":  {
                                            "id":  "B0FFFFAOU1",
                                            "name":  "吉文镇政府",
                                            "source":  "amap_place_text",
                                            "type":  "政府机构及社会团体;政府机关;乡镇级政府及事业单位",
                                            "address":  "吉文镇吉文林业局",
                                            "adname":  "鄂伦春自治旗",
                                            "query":  "吉文林业局"
                                        }
                     },
                     {
                         "type":  "Feature",
                         "geometry":  {
                                          "coordinates":  [
                                                              120.797867,
                                                              50.438046
                                                          ],
                                          "type":  "Point"
                                      },
                         "properties":  {
                                            "id":  "B0FFFGO9OF",
                                            "name":  "根河林业局加拉嘎木材检查站",
                                            "source":  "amap_place_text",
                                            "type":  "政府机构及社会团体;政府机关;政府机关相关",
                                            "address":  "301省道北50米",
                                            "adname":  "根河市",
                                            "query":  "根河林业局"
                                        }
                     },
                     {
                         "type":  "Feature",
                         "geometry":  {
                                          "coordinates":  [
                                                              121.145548,
                                                              50.609126
                                                          ],
                                          "type":  "Point"
                                      },
                         "properties":  {
                                            "id":  "B0FFFGOTBT",
                                            "name":  "根河林业局205管护站",
                                            "source":  "amap_place_text",
                                            "type":  "政府机构及社会团体;政府机关;政府机关相关",
                                            "address":  "301省道东50米",
                                            "adname":  "根河市",
                                            "query":  "根河林业局"
                                        }
                     },
                     {
                         "type":  "Feature",
                         "geometry":  {
                                          "coordinates":  [
                                                              122.500094,
                                                              50.651147
                                                          ],
                                          "type":  "Point"
                                      },
                         "properties":  {
                                            "id":  "B0FFFRN41F",
                                            "name":  "克一河林业局工会",
                                            "source":  "amap_place_text",
                                            "type":  "政府机构及社会团体;政府机关;乡镇级政府及事业单位",
                                            "address":  "中央大街附近",
                                            "adname":  "鄂伦春自治旗",
                                            "query":  "克一河林业局"
                                        }
                     },
                     {
                         "type":  "Feature",
                         "geometry":  {
                                          "coordinates":  [
                                                              124.654725,
                                                              49.919675
                                                          ],
                                          "type":  "Point"
                                      },
                         "properties":  {
                                            "id":  "B0FFFRXOVB",
                                            "name":  "四平山林场",
                                            "source":  "amap_place_text",
                                            "type":  "公司企业;农林牧渔基地;其它农林牧渔基地",
                                            "address":  "大杨树林业局",
                                            "adname":  "鄂伦春自治旗",
                                            "query":  "大杨树林业局"
                                        }
                     },
                     {
                         "type":  "Feature",
                         "geometry":  {
                                          "coordinates":  [
                                                              120.794599,
                                                              49.275445
                                                          ],
                                          "type":  "Point"
                                      },
                         "properties":  {
                                            "id":  "B0FFG1VI8K",
                                            "name":  "牙克石市牙克石林场",
                                            "source":  "amap_place_text",
                                            "type":  "公司企业;农林牧渔基地;其它农林牧渔基地",
                                            "address":  "牙克石林场",
                                            "adname":  "牙克石市",
                                            "query":  "牙克石林场"
                                        }
                     },
                     {
                         "type":  "Feature",
                         "geometry":  {
                                          "coordinates":  [
                                                              124.627337,
                                                              49.737761
                                                          ],
                                          "type":  "Point"
                                      },
                         "properties":  {
                                            "id":  "B0FFG37D2C",
                                            "name":  "斌子汽车电器修理",
                                            "source":  "amap_place_text",
                                            "type":  "汽车服务;汽车配件销售;汽车配件销售|汽车维修;汽车维修;汽车维修",
                                            "address":  "大杨树林业局附近",
                                            "adname":  "鄂伦春自治旗",
                                            "query":  "大杨树林业局"
                                        }
                     },
                     {
                         "type":  "Feature",
                         "geometry":  {
                                          "coordinates":  [
                                                              122.494518,
                                                              50.649305
                                                          ],
                                          "type":  "Point"
                                      },
                         "properties":  {
                                            "id":  "B0FFG4P1FL",
                                            "name":  "新林城商店",
                                            "source":  "amap_place_text",
                                            "type":  "购物服务;便民商店/便利店;便民商店/便利店",
                                            "address":  "克一河林业局西南侧170米",
                                            "adname":  "鄂伦春自治旗",
                                            "query":  "克一河林业局"
                                        }
                     },
                     {
                         "type":  "Feature",
                         "geometry":  {
                                          "coordinates":  [
                                                              120.734824,
                                                              49.289291
                                                          ],
                                          "type":  "Point"
                                      },
                         "properties":  {
                                            "id":  "B0FFG8NQA1",
                                            "name":  "中共内蒙古大兴安岭林业管理局电信局委员会",
                                            "source":  "amap_place_text",
                                            "type":  "政府机构及社会团体;社会团体;社会团体相关",
                                            "address":  "幸福西街与林城路交叉口西140米",
                                            "adname":  "牙克石市",
                                            "query":  "牙克石林业局"
                                        }
                     },
                     {
                         "type":  "Feature",
                         "geometry":  {
                                          "coordinates":  [
                                                              119.767018,
                                                              49.214322
                                                          ],
                                          "type":  "Point"
                                      },
                         "properties":  {
                                            "id":  "B0FFGGCNKB",
                                            "name":  "六二六街与阿里河路交叉口",
                                            "source":  "amap_place_text",
                                            "type":  "地名地址信息;交通地名;路口名",
                                            "address":  "海拉尔区",
                                            "adname":  "海拉尔区",
                                            "query":  "阿里河林场"
                                        }
                     },
                     {
                         "type":  "Feature",
                         "geometry":  {
                                          "coordinates":  [
                                                              119.766338,
                                                              49.2234
                                                          ],
                                          "type":  "Point"
                                      },
                         "properties":  {
                                            "id":  "B0FFGGFFFP",
                                            "name":  "扎兰屯路与阿里河路交叉口",
                                            "source":  "amap_place_text",
                                            "type":  "地名地址信息;交通地名;路口名",
                                            "address":  "海拉尔区",
                                            "adname":  "海拉尔区",
                                            "query":  "阿里河林场"
                                        }
                     },
                     {
                         "type":  "Feature",
                         "geometry":  {
                                          "coordinates":  [
                                                              119.766471,
                                                              49.213098
                                                          ],
                                          "type":  "Point"
                                      },
                         "properties":  {
                                            "id":  "B0FFGGLZWX",
                                            "name":  "新春街与阿里河路交叉口",
                                            "source":  "amap_place_text",
                                            "type":  "地名地址信息;交通地名;路口名",
                                            "address":  "海拉尔区",
                                            "adname":  "海拉尔区",
                                            "query":  "阿里河林场"
                                        }
                     },
                     {
                         "type":  "Feature",
                         "geometry":  {
                                          "coordinates":  [
                                                              125.155222,
                                                              49.167481
                                                          ],
                                          "type":  "Point"
                                      },
                         "properties":  {
                                            "id":  "B0FFGH8RXF",
                                            "name":  "甘河",
                                            "source":  "amap_place_text",
                                            "type":  "地名地址信息;自然地名;河流",
                                            "address":  "莫力达瓦达斡尔族自治旗",
                                            "adname":  "莫力达瓦达斡尔族自治旗",
                                            "query":  "甘河林场"
                                        }
                     },
                     {
                         "type":  "Feature",
                         "geometry":  {
                                          "coordinates":  [
                                                              122.049135,
                                                              52.044527
                                                          ],
                                          "type":  "Point"
                                      },
                         "properties":  {
                                            "id":  "B0FFGIBVGQ",
                                            "name":  "内蒙古北部原始林区森林管护局",
                                            "source":  "amap_place_text",
                                            "type":  "政府机构及社会团体;政府机关;政府机关相关",
                                            "address":  "324县道附近",
                                            "adname":  "根河市",
                                            "query":  "根河林业局"
                                        }
                     },
                     {
                         "type":  "Feature",
                         "geometry":  {
                                          "coordinates":  [
                                                              124.830152,
                                                              49.413415
                                                          ],
                                          "type":  "Point"
                                      },
                         "properties":  {
                                            "id":  "B0FFGIPEXW",
                                            "name":  "甘河",
                                            "source":  "amap_place_text",
                                            "type":  "地名地址信息;自然地名;河流",
                                            "address":  "莫力达瓦达斡尔族自治旗",
                                            "adname":  "莫力达瓦达斡尔族自治旗",
                                            "query":  "甘河林场"
                                        }
                     },
                     {
                         "type":  "Feature",
                         "geometry":  {
                                          "coordinates":  [
                                                              124.607669,
                                                              49.576727
                                                          ],
                                          "type":  "Point"
                                      },
                         "properties":  {
                                            "id":  "B0FFGIPEXZ",
                                            "name":  "甘河",
                                            "source":  "amap_place_text",
                                            "type":  "地名地址信息;自然地名;河流",
                                            "address":  "莫力达瓦达斡尔族自治旗",
                                            "adname":  "莫力达瓦达斡尔族自治旗",
                                            "query":  "甘河林场"
                                        }
                     },
                     {
                         "type":  "Feature",
                         "geometry":  {
                                          "coordinates":  [
                                                              124.652793,
                                                              49.526367
                                                          ],
                                          "type":  "Point"
                                      },
                         "properties":  {
                                            "id":  "B0FFGK3533",
                                            "name":  "甘河",
                                            "source":  "amap_place_text",
                                            "type":  "地名地址信息;自然地名;河流",
                                            "address":  "莫力达瓦达斡尔族自治旗",
                                            "adname":  "莫力达瓦达斡尔族自治旗",
                                            "query":  "甘河林场"
                                        }
                     },
                     {
                         "type":  "Feature",
                         "geometry":  {
                                          "coordinates":  [
                                                              124.77476,
                                                              49.424215
                                                          ],
                                          "type":  "Point"
                                      },
                         "properties":  {
                                            "id":  "B0FFGK35QG",
                                            "name":  "甘河",
                                            "source":  "amap_place_text",
                                            "type":  "地名地址信息;自然地名;河流",
                                            "address":  "莫力达瓦达斡尔族自治旗",
                                            "adname":  "莫力达瓦达斡尔族自治旗",
                                            "query":  "甘河林场"
                                        }
                     },
                     {
                         "type":  "Feature",
                         "geometry":  {
                                          "coordinates":  [
                                                              124.927072,
                                                              49.376464
                                                          ],
                                          "type":  "Point"
                                      },
                         "properties":  {
                                            "id":  "B0FFGK370S",
                                            "name":  "甘河",
                                            "source":  "amap_place_text",
                                            "type":  "地名地址信息;自然地名;河流",
                                            "address":  "莫力达瓦达斡尔族自治旗",
                                            "adname":  "莫力达瓦达斡尔族自治旗",
                                            "query":  "甘河林场"
                                        }
                     },
                     {
                         "type":  "Feature",
                         "geometry":  {
                                          "coordinates":  [
                                                              121.683434,
                                                              50.478654
                                                          ],
                                          "type":  "Point"
                                      },
                         "properties":  {
                                            "id":  "B0FFGL3N8P",
                                            "name":  "图里河林业宾馆",
                                            "source":  "amap_place_text",
                                            "type":  "住宿服务;宾馆酒店;宾馆酒店",
                                            "address":  "302县道附近",
                                            "adname":  "牙克石市",
                                            "query":  "图里河林业局"
                                        }
                     },
                     {
                         "type":  "Feature",
                         "geometry":  {
                                          "coordinates":  [
                                                              121.536913,
                                                              50.789498
                                                          ],
                                          "type":  "Point"
                                      },
                         "properties":  {
                                            "id":  "B0FFGXZUER",
                                            "name":  "根河林业局防火办",
                                            "source":  "amap_place_text",
                                            "type":  "政府机构及社会团体;政府机关;政府机关相关",
                                            "address":  "林海街与林建路交叉口东北120米",
                                            "adname":  "根河市",
                                            "query":  "根河林业局"
                                        }
                     },
                     {
                         "type":  "Feature",
                         "geometry":  {
                                          "coordinates":  [
                                                              121.403283,
                                                              49.584389
                                                          ],
                                          "type":  "Point"
                                      },
                         "properties":  {
                                            "id":  "B0FFGY5M4J",
                                            "name":  "乌尔旗汗森工公司",
                                            "source":  "amap_place_text",
                                            "type":  "公司企业;公司;公司",
                                            "address":  "乌尔其汗森林公安局第一派出所东北",
                                            "adname":  "牙克石市",
                                            "query":  "乌尔旗汉林业局"
                                        }
                     },
                     {
                         "type":  "Feature",
                         "geometry":  {
                                          "coordinates":  [
                                                              124.127975,
                                                              50.424275
                                                          ],
                                          "type":  "Point"
                                      },
                         "properties":  {
                                            "id":  "B0FFGZ5T3S",
                                            "name":  "壮志林场",
                                            "source":  "amap_place_text",
                                            "type":  "公司企业;农林牧渔基地;其它农林牧渔基地",
                                            "address":  "林都商贸城",
                                            "adname":  "加格达奇区",
                                            "query":  "加格达奇林场"
                                        }
                     },
                     {
                         "type":  "Feature",
                         "geometry":  {
                                          "coordinates":  [
                                                              122.496268,
                                                              50.650652
                                                          ],
                                          "type":  "Point"
                                      },
                         "properties":  {
                                            "id":  "B0FFGZ5YFA",
                                            "name":  "克一河森工公司",
                                            "source":  "amap_place_text",
                                            "type":  "政府机构及社会团体;政府机关;乡镇级政府及事业单位|公司企业;公司;公司",
                                            "address":  "中央街364号",
                                            "adname":  "鄂伦春自治旗",
                                            "query":  "克一河林业局"
                                        }
                     },
                     {
                         "type":  "Feature",
                         "geometry":  {
                                          "coordinates":  [
                                                              122.499322,
                                                              50.651066
                                                          ],
                                          "type":  "Point"
                                      },
                         "properties":  {
                                            "id":  "B0FFGZ6NR4",
                                            "name":  "克一河林业局电讯管理处",
                                            "source":  "amap_place_text",
                                            "type":  "政府机构及社会团体;政府机关;乡镇级政府及事业单位",
                                            "address":  "克一河林业局",
                                            "adname":  "鄂伦春自治旗",
                                            "query":  "克一河林业局"
                                        }
                     },
                     {
                         "type":  "Feature",
                         "geometry":  {
                                          "coordinates":  [
                                                              123.722805,
                                                              50.596856
                                                          ],
                                          "type":  "Point"
                                      },
                         "properties":  {
                                            "id":  "B0FFH02XP0",
                                            "name":  "阿里河镇政府小广场",
                                            "source":  "amap_place_text",
                                            "type":  "风景名胜;公园广场;公园广场",
                                            "address":  "阿里河镇政府南",
                                            "adname":  "鄂伦春自治旗",
                                            "query":  "阿里河林场"
                                        }
                     },
                     {
                         "type":  "Feature",
                         "geometry":  {
                                          "coordinates":  [
                                                              121.361375,
                                                              48.333525
                                                          ],
                                          "type":  "Point"
                                      },
                         "properties":  {
                                            "id":  "B0FFH398KF",
                                            "name":  "绰源林业局苏格河林场",
                                            "source":  "amap_place_text",
                                            "type":  "公司企业;公司企业;公司企业",
                                            "address":  "绰源林业局",
                                            "adname":  "牙克石市",
                                            "query":  "牙克石林场"
                                        }
                     },
                     {
                         "type":  "Feature",
                         "geometry":  {
                                          "coordinates":  [
                                                              124.628396,
                                                              49.735653
                                                          ],
                                          "type":  "Point"
                                      },
                         "properties":  {
                                            "id":  "B0FFH39A85",
                                            "name":  "中国联通兴林合作厅(兴林步行街营业厅)",
                                            "source":  "amap_place_text",
                                            "type":  "生活服务;电讯营业厅;中国联通营业厅",
                                            "address":  "大杨树林业局林小步行街",
                                            "adname":  "鄂伦春自治旗",
                                            "query":  "大杨树林业局"
                                        }
                     },
                     {
                         "type":  "Feature",
                         "geometry":  {
                                          "coordinates":  [
                                                              123.058147,
                                                              50.631168
                                                          ],
                                          "type":  "Point"
                                      },
                         "properties":  {
                                            "id":  "B0FFH438KX",
                                            "name":  "林兴快捷宾馆",
                                            "source":  "amap_place_text",
                                            "type":  "住宿服务;宾馆酒店;宾馆酒店",
                                            "address":  "甘河林业局甘河林业公司",
                                            "adname":  "鄂伦春自治旗",
                                            "query":  "甘河林业局"
                                        }
                     },
                     {
                         "type":  "Feature",
                         "geometry":  {
                                          "coordinates":  [
                                                              121.521759,
                                                              50.780439
                                                          ],
                                          "type":  "Point"
                                      },
                         "properties":  {
                                            "id":  "B0FFH6MPCO",
                                            "name":  "大兴安岭林业管理局根河航空护林站",
                                            "source":  "amap_place_text",
                                            "type":  "政府机构及社会团体;政府机关;区县级政府及事业单位",
                                            "address":  "中央大街9号",
                                            "adname":  "根河市",
                                            "query":  "根河林业局"
                                        }
                     },
                     {
                         "type":  "Feature",
                         "geometry":  {
                                          "coordinates":  [
                                                              124.131453,
                                                              50.416057
                                                          ],
                                          "type":  "Point"
                                      },
                         "properties":  {
                                            "id":  "B0FFH7Q426",
                                            "name":  "大兴安岭地区加格达奇林业局管护区办事处",
                                            "source":  "amap_place_text",
                                            "type":  "政府机构及社会团体;政府机关;区县级政府及事业单位",
                                            "address":  "光明东路与晨光大街交叉口北150米",
                                            "adname":  "加格达奇区",
                                            "query":  "加格达奇林业局"
                                        }
                     },
                     {
                         "type":  "Feature",
                         "geometry":  {
                                          "coordinates":  [
                                                              124.131335,
                                                              50.415753
                                                          ],
                                          "type":  "Point"
                                      },
                         "properties":  {
                                            "id":  "B0FFH7QQQD",
                                            "name":  "加格达奇林业局大子杨山管护区",
                                            "source":  "amap_place_text",
                                            "type":  "政府机构及社会团体;政府机关;区县级政府及事业单位",
                                            "address":  "晨光大街67号",
                                            "adname":  "加格达奇区",
                                            "query":  "加格达奇林业局"
                                        }
                     },
                     {
                         "type":  "Feature",
                         "geometry":  {
                                          "coordinates":  [
                                                              124.623719,
                                                              49.738156
                                                          ],
                                          "type":  "Point"
                                      },
                         "properties":  {
                                            "id":  "B0FFH92QLY",
                                            "name":  "大杨树永生润滑油商店",
                                            "source":  "amap_place_text",
                                            "type":  "购物服务;购物相关场所;购物相关场所",
                                            "address":  "大杨树镇林业局拐把楼北",
                                            "adname":  "鄂伦春自治旗",
                                            "query":  "大杨树林业局"
                                        }
                     },
                     {
                         "type":  "Feature",
                         "geometry":  {
                                          "coordinates":  [
                                                              120.728812,
                                                              49.285843
                                                          ],
                                          "type":  "Point"
                                      },
                         "properties":  {
                                            "id":  "B0FFH9FJ8J",
                                            "name":  "满归林业局公安局",
                                            "source":  "amap_place_text",
                                            "type":  "政府机构及社会团体;公检法机构;公安警察",
                                            "address":  "兴安中街与青松南路交叉口西120米",
                                            "adname":  "牙克石市",
                                            "query":  "牙克石林业局"
                                        }
                     },
                     {
                         "type":  "Feature",
                         "geometry":  {
                                          "coordinates":  [
                                                              124.130158,
                                                              50.413832
                                                          ],
                                          "type":  "Point"
                                      },
                         "properties":  {
                                            "id":  "B0FFHDBFN2",
                                            "name":  "正阳楼熏酱饺子馆(圆满家居建材市场店)",
                                            "source":  "amap_place_text",
                                            "type":  "餐饮服务;快餐厅;快餐厅",
                                            "address":  "加格达奇林业局旁边",
                                            "adname":  "加格达奇区",
                                            "query":  "加格达奇林业局"
                                        }
                     },
                     {
                         "type":  "Feature",
                         "geometry":  {
                                          "coordinates":  [
                                                              120.731562,
                                                              49.291919
                                                          ],
                                          "type":  "Point"
                                      },
                         "properties":  {
                                            "id":  "B0FFHDSJS2",
                                            "name":  "中共满归林业局离退处牙克石支部委员会",
                                            "source":  "amap_place_text",
                                            "type":  "政府机构及社会团体;政府机关;区县级政府及事业单位",
                                            "address":  "育才西街与青松北路交叉口东140米",
                                            "adname":  "牙克石市",
                                            "query":  "牙克石林业局"
                                        }
                     },
                     {
                         "type":  "Feature",
                         "geometry":  {
                                          "coordinates":  [
                                                              120.731433,
                                                              49.284106
                                                          ],
                                          "type":  "Point"
                                      },
                         "properties":  {
                                            "id":  "B0FFHDSJSC",
                                            "name":  "图里河林业局驻牙办事处",
                                            "source":  "amap_place_text",
                                            "type":  "政府机构及社会团体;政府机关;外地政府办",
                                            "address":  "青松南路与爱民西街交叉口东北60米",
                                            "adname":  "牙克石市",
                                            "query":  "图里河林业局"
                                        }
                     },
                     {
                         "type":  "Feature",
                         "geometry":  {
                                          "coordinates":  [
                                                              124.1074,
                                                              50.432534
                                                          ],
                                          "type":  "Point"
                                      },
                         "properties":  {
                                            "id":  "B0FFHKE729",
                                            "name":  "中天广告(山水嘉苑店)",
                                            "source":  "amap_place_text",
                                            "type":  "生活服务;生活服务场所;生活服务场所",
                                            "address":  "加格达奇林业局山水嘉苑30号楼",
                                            "adname":  "加格达奇区",
                                            "query":  "加格达奇林业局"
                                        }
                     },
                     {
                         "type":  "Feature",
                         "geometry":  {
                                          "coordinates":  [
                                                              124.129712,
                                                              50.417067
                                                          ],
                                          "type":  "Point"
                                      },
                         "properties":  {
                                            "id":  "B0FFHOL1RE",
                                            "name":  "加格达奇林业局西侧办公楼",
                                            "source":  "amap_place_text",
                                            "type":  "商务住宅;楼宇;商务写字楼|政府机构及社会团体;政府机关;政府机关相关",
                                            "address":  "加格达奇林业局晨光大街",
                                            "adname":  "加格达奇区",
                                            "query":  "加格达奇林业局"
                                        }
                     },
                     {
                         "type":  "Feature",
                         "geometry":  {
                                          "coordinates":  [
                                                              123.736298,
                                                              50.593451
                                                          ],
                                          "type":  "Point"
                                      },
                         "properties":  {
                                            "id":  "B0FFHOVS2A",
                                            "name":  "阿里河林业局物资供应科",
                                            "source":  "amap_place_text",
                                            "type":  "政府机构及社会团体;政府及社会团体相关;政府及社会团体相关",
                                            "address":  "林海路与育才街交叉口东320米",
                                            "adname":  "鄂伦春自治旗",
                                            "query":  "阿里河林业局"
                                        }
                     },
                     {
                         "type":  "Feature",
                         "geometry":  {
                                          "coordinates":  [
                                                              119.768733,
                                                              49.222043
                                                          ],
                                          "type":  "Point"
                                      },
                         "properties":  {
                                            "id":  "B0FFHPA8O3",
                                            "name":  "新桥市场(伊敏大街店)",
                                            "source":  "amap_place_text",
                                            "type":  "购物服务;综合市场;综合市场",
                                            "address":  "内阿里河路33号",
                                            "adname":  "海拉尔区",
                                            "query":  "阿里河林场"
                                        }
                     },
                     {
                         "type":  "Feature",
                         "geometry":  {
                                          "coordinates":  [
                                                              123.733634,
                                                              50.577996
                                                          ],
                                          "type":  "Point"
                                      },
                         "properties":  {
                                            "id":  "B0FFHV55IB",
                                            "name":  "阿里河铁道南派出所",
                                            "source":  "amap_place_text",
                                            "type":  "政府机构及社会团体;公检法机构;公安警察",
                                            "address":  "阿里河镇阿里河",
                                            "adname":  "鄂伦春自治旗",
                                            "query":  "阿里河林场"
                                        }
                     },
                     {
                         "type":  "Feature",
                         "geometry":  {
                                          "coordinates":  [
                                                              123.730525,
                                                              50.5878
                                                          ],
                                          "type":  "Point"
                                      },
                         "properties":  {
                                            "id":  "B0FFHVFQRV",
                                            "name":  "益佳超市(龙华路店)",
                                            "source":  "amap_place_text",
                                            "type":  "购物服务;便民商店/便利店;便民商店/便利店",
                                            "address":  "阿里河镇森林公安局对面",
                                            "adname":  "鄂伦春自治旗",
                                            "query":  "阿里河林业局"
                                        }
                     },
                     {
                         "type":  "Feature",
                         "geometry":  {
                                          "coordinates":  [
                                                              124.641262,
                                                              49.369293
                                                          ],
                                          "type":  "Point"
                                      },
                         "properties":  {
                                            "id":  "B0FFI0XKCB",
                                            "name":  "甘河农场水库",
                                            "source":  "amap_place_text",
                                            "type":  "地名地址信息;自然地名;湖泊",
                                            "address":  "莫力达瓦达斡尔族自治旗",
                                            "adname":  "莫力达瓦达斡尔族自治旗",
                                            "query":  "甘河林场"
                                        }
                     },
                     {
                         "type":  "Feature",
                         "geometry":  {
                                          "coordinates":  [
                                                              121.918782,
                                                              48.753238
                                                          ],
                                          "type":  "Point"
                                      },
                         "properties":  {
                                            "id":  "B0FFI10BQ7",
                                            "name":  "博克图林场",
                                            "source":  "amap_place_text",
                                            "type":  "公司企业;公司企业;公司企业",
                                            "address":  "博克图站西南",
                                            "adname":  "牙克石市",
                                            "query":  "牙克石林场"
                                        }
                     },
                     {
                         "type":  "Feature",
                         "geometry":  {
                                          "coordinates":  [
                                                              124.149891,
                                                              50.413661
                                                          ],
                                          "type":  "Point"
                                      },
                         "properties":  {
                                            "id":  "B0FFI328K0",
                                            "name":  "大森林山珍加工部",
                                            "source":  "amap_place_text",
                                            "type":  "购物服务;综合市场;农副产品市场",
                                            "address":  "加格达奇雁来商业街",
                                            "adname":  "加格达奇区",
                                            "query":  "加格达奇林业局"
                                        }
                     },
                     {
                         "type":  "Feature",
                         "geometry":  {
                                          "coordinates":  [
                                                              123.057444,
                                                              50.633386
                                                          ],
                                          "type":  "Point"
                                      },
                         "properties":  {
                                            "id":  "B0FFI62BVK",
                                            "name":  "甘河林业防火办",
                                            "source":  "amap_place_text",
                                            "type":  "政府机构及社会团体;政府及社会团体相关;政府及社会团体相关",
                                            "address":  "中央街",
                                            "adname":  "鄂伦春自治旗",
                                            "query":  "甘河林业局"
                                        }
                     },
                     {
                         "type":  "Feature",
                         "geometry":  {
                                          "coordinates":  [
                                                              121.047571,
                                                              49.095635
                                                          ],
                                          "type":  "Point"
                                      },
                         "properties":  {
                                            "id":  "B0FFI7M442",
                                            "name":  "梅菊土产五金商店",
                                            "source":  "amap_place_text",
                                            "type":  "购物服务;家居建材市场;家居建材市场",
                                            "address":  "免渡河林业局西侧130米",
                                            "adname":  "牙克石市",
                                            "query":  "免渡河林业局"
                                        }
                     },
                     {
                         "type":  "Feature",
                         "geometry":  {
                                          "coordinates":  [
                                                              124.627549,
                                                              49.737658
                                                          ],
                                          "type":  "Point"
                                      },
                         "properties":  {
                                            "id":  "B0FFI928KL",
                                            "name":  "要饭盒子海鲜烤肉(兴林街店)",
                                            "source":  "amap_place_text",
                                            "type":  "餐饮服务;中餐厅;中餐厅",
                                            "address":  "大杨树镇林业局兴林步行街对面",
                                            "adname":  "鄂伦春自治旗",
                                            "query":  "大杨树林业局"
                                        }
                     },
                     {
                         "type":  "Feature",
                         "geometry":  {
                                          "coordinates":  [
                                                              122.397381,
                                                              50.64406
                                                          ],
                                          "type":  "Point"
                                      },
                         "properties":  {
                                            "id":  "B0FFI9RJPA",
                                            "name":  "克一河森林资源管护站",
                                            "source":  "amap_place_text",
                                            "type":  "政府机构及社会团体;政府机关;乡镇级政府及事业单位",
                                            "address":  "301省道北50米",
                                            "adname":  "鄂伦春自治旗",
                                            "query":  "克一河林业局"
                                        }
                     },
                     {
                         "type":  "Feature",
                         "geometry":  {
                                          "coordinates":  [
                                                              124.122343,
                                                              50.422247
                                                          ],
                                          "type":  "Point"
                                      },
                         "properties":  {
                                            "id":  "B0FFIJHSQD",
                                            "name":  "大兴安岭行署森林资源林政管理局加格达奇铁路木材检查站",
                                            "source":  "amap_place_text",
                                            "type":  "政府机构及社会团体;政府机关;政府机关相关",
                                            "address":  "世纪大道5号",
                                            "adname":  "加格达奇区",
                                            "query":  "加格达奇林业局"
                                        }
                     },
                     {
                         "type":  "Feature",
                         "geometry":  {
                                          "coordinates":  [
                                                              122.365154,
                                                              53.482188
                                                          ],
                                          "type":  "Point"
                                      },
                         "properties":  {
                                            "id":  "B0FFIJTYLP",
                                            "name":  "加格达奇林业局",
                                            "source":  "amap_place_text",
                                            "type":  "政府机构及社会团体;政府机关;政府机关相关",
                                            "address":  "大兴安岭地区漠河市市北极村旅游风景区北极村旅游风景区内(东侧)",
                                            "adname":  "漠河市",
                                            "query":  "加格达奇林业局"
                                        }
                     },
                     {
                         "type":  "Feature",
                         "geometry":  {
                                          "coordinates":  [
                                                              124.594876,
                                                              49.747133
                                                          ],
                                          "type":  "Point"
                                      },
                         "properties":  {
                                            "id":  "B0FFILVSGG",
                                            "name":  "大杨树人民法庭",
                                            "source":  "amap_place_text",
                                            "type":  "政府机构及社会团体;政府及社会团体相关;政府及社会团体相关",
                                            "address":  "大杨树镇",
                                            "adname":  "鄂伦春自治旗",
                                            "query":  "大杨树林场"
                                        }
                     },
                     {
                         "type":  "Feature",
                         "geometry":  {
                                          "coordinates":  [
                                                              124.117861,
                                                              50.411291
                                                          ],
                                          "type":  "Point"
                                      },
                         "properties":  {
                                            "id":  "B0FFIT8Y86",
                                            "name":  "大兴安岭地区",
                                            "source":  "amap_place_text",
                                            "type":  "地名地址信息;普通地名;地市级地名",
                                            "address":  "加格达奇区",
                                            "adname":  "加格达奇区",
                                            "query":  "加格达奇林业局"
                                        }
                     },
                     {
                         "type":  "Feature",
                         "geometry":  {
                                          "coordinates":  [
                                                              122.084483,
                                                              52.043006
                                                          ],
                                          "type":  "Point"
                                      },
                         "properties":  {
                                            "id":  "B0FFJ1HTW9",
                                            "name":  "满归林业局防火办",
                                            "source":  "amap_place_text",
                                            "type":  "政府机构及社会团体;政府机关;乡镇级政府及事业单位",
                                            "address":  "",
                                            "adname":  "根河市",
                                            "query":  "根河林业局"
                                        }
                     },
                     {
                         "type":  "Feature",
                         "geometry":  {
                                          "coordinates":  [
                                                              121.68218,
                                                              50.483421
                                                          ],
                                          "type":  "Point"
                                      },
                         "properties":  {
                                            "id":  "B0FFJK3358",
                                            "name":  "图里河林业局老干部科",
                                            "source":  "amap_place_text",
                                            "type":  "政府机构及社会团体;政府及社会团体相关;政府及社会团体相关",
                                            "address":  "302县道东50米",
                                            "adname":  "牙克石市",
                                            "query":  "图里河林业局"
                                        }
                     },
                     {
                         "type":  "Feature",
                         "geometry":  {
                                          "coordinates":  [
                                                              121.590801,
                                                              50.648933
                                                          ],
                                          "type":  "Point"
                                      },
                         "properties":  {
                                            "id":  "B0FFJMQ6F0",
                                            "name":  "伊东幼儿园",
                                            "source":  "amap_place_text",
                                            "type":  "科教文化服务;学校;幼儿园",
                                            "address":  "伊图里河林业局正对面",
                                            "adname":  "牙克石市",
                                            "query":  "伊图里河林业局"
                                        }
                     },
                     {
                         "type":  "Feature",
                         "geometry":  {
                                          "coordinates":  [
                                                              120.796281,
                                                              49.320123
                                                          ],
                                          "type":  "Point"
                                      },
                         "properties":  {
                                            "id":  "B0FFJQPP2W",
                                            "name":  "内蒙古大兴安岭森林公安局",
                                            "source":  "amap_place_text",
                                            "type":  "政府机构及社会团体;政府及社会团体相关;政府及社会团体相关",
                                            "address":  "",
                                            "adname":  "牙克石市",
                                            "query":  "牙克石林业局"
                                        }
                     },
                     {
                         "type":  "Feature",
                         "geometry":  {
                                          "coordinates":  [
                                                              124.609325,
                                                              49.748154
                                                          ],
                                          "type":  "Point"
                                      },
                         "properties":  {
                                            "id":  "B0FFJZWHLH",
                                            "name":  "大杨树站站前广场",
                                            "source":  "amap_place_text",
                                            "type":  "风景名胜;公园广场;城市广场",
                                            "address":  "大杨树镇铁兴街",
                                            "adname":  "鄂伦春自治旗",
                                            "query":  "大杨树林场"
                                        }
                     },
                     {
                         "type":  "Feature",
                         "geometry":  {
                                          "coordinates":  [
                                                              124.603235,
                                                              49.747841
                                                          ],
                                          "type":  "Point"
                                      },
                         "properties":  {
                                            "id":  "B0FFKDHAP9",
                                            "name":  "大杨树镇商会",
                                            "source":  "amap_place_text",
                                            "type":  "政府机构及社会团体;政府及社会团体相关;政府及社会团体相关",
                                            "address":  "大杨树镇",
                                            "adname":  "鄂伦春自治旗",
                                            "query":  "大杨树林场"
                                        }
                     },
                     {
                         "type":  "Feature",
                         "geometry":  {
                                          "coordinates":  [
                                                              121.537196,
                                                              50.785277
                                                          ],
                                          "type":  "Point"
                                      },
                         "properties":  {
                                            "id":  "B0FFKLPDK4",
                                            "name":  "内蒙古根河林业局多种经营管理处",
                                            "source":  "amap_place_text",
                                            "type":  "政府机构及社会团体;政府及社会团体相关;政府及社会团体相关",
                                            "address":  "森工路与林海街交叉口东40米",
                                            "adname":  "根河市",
                                            "query":  "根河林业局"
                                        }
                     },
                     {
                         "type":  "Feature",
                         "geometry":  {
                                          "coordinates":  [
                                                              121.528503,
                                                              50.555691
                                                          ],
                                          "type":  "Point"
                                      },
                         "properties":  {
                                            "id":  "B0FFKOWC50",
                                            "name":  "伊图里河林业局道木达检查站",
                                            "source":  "amap_place_text",
                                            "type":  "政府机构及社会团体;政府及社会团体相关;政府及社会团体相关",
                                            "address":  "302县道东50米",
                                            "adname":  "牙克石市",
                                            "query":  "图里河林业局"
                                        }
                     },
                     {
                         "type":  "Feature",
                         "geometry":  {
                                          "coordinates":  [
                                                              121.528503,
                                                              50.555691
                                                          ],
                                          "type":  "Point"
                                      },
                         "properties":  {
                                            "id":  "B0FFKOWC50",
                                            "name":  "伊图里河林业局道木达检查站",
                                            "source":  "amap_place_text",
                                            "type":  "政府机构及社会团体;政府及社会团体相关;政府及社会团体相关",
                                            "address":  "302县道东50米",
                                            "adname":  "牙克石市",
                                            "query":  "伊图里河林业局"
                                        }
                     },
                     {
                         "type":  "Feature",
                         "geometry":  {
                                          "coordinates":  [
                                                              121.61356,
                                                              50.652001
                                                          ],
                                          "type":  "Point"
                                      },
                         "properties":  {
                                            "id":  "B0FFKOWHUA",
                                            "name":  "伊图里河林业局伊东检查站",
                                            "source":  "amap_place_text",
                                            "type":  "政府机构及社会团体;政府及社会团体相关;政府及社会团体相关",
                                            "address":  "301省道北50米",
                                            "adname":  "牙克石市",
                                            "query":  "图里河林业局"
                                        }
                     },
                     {
                         "type":  "Feature",
                         "geometry":  {
                                          "coordinates":  [
                                                              121.61356,
                                                              50.652001
                                                          ],
                                          "type":  "Point"
                                      },
                         "properties":  {
                                            "id":  "B0FFKOWHUA",
                                            "name":  "伊图里河林业局伊东检查站",
                                            "source":  "amap_place_text",
                                            "type":  "政府机构及社会团体;政府及社会团体相关;政府及社会团体相关",
                                            "address":  "301省道北50米",
                                            "adname":  "牙克石市",
                                            "query":  "伊图里河林业局"
                                        }
                     },
                     {
                         "type":  "Feature",
                         "geometry":  {
                                          "coordinates":  [
                                                              121.591049,
                                                              50.651136
                                                          ],
                                          "type":  "Point"
                                      },
                         "properties":  {
                                            "id":  "B0FFKP0L96",
                                            "name":  "伊图里河林业局森林防火指挥部",
                                            "source":  "amap_place_text",
                                            "type":  "政府机构及社会团体;政府及社会团体相关;政府及社会团体相关",
                                            "address":  "伊图里河林业局东北200米处",
                                            "adname":  "牙克石市",
                                            "query":  "图里河林业局"
                                        }
                     },
                     {
                         "type":  "Feature",
                         "geometry":  {
                                          "coordinates":  [
                                                              121.591049,
                                                              50.651136
                                                          ],
                                          "type":  "Point"
                                      },
                         "properties":  {
                                            "id":  "B0FFKP0L96",
                                            "name":  "伊图里河林业局森林防火指挥部",
                                            "source":  "amap_place_text",
                                            "type":  "政府机构及社会团体;政府及社会团体相关;政府及社会团体相关",
                                            "address":  "伊图里河林业局东北200米处",
                                            "adname":  "牙克石市",
                                            "query":  "伊图里河林业局"
                                        }
                     },
                     {
                         "type":  "Feature",
                         "geometry":  {
                                          "coordinates":  [
                                                              121.594634,
                                                              50.649837
                                                          ],
                                          "type":  "Point"
                                      },
                         "properties":  {
                                            "id":  "B0FFKP0ZOB",
                                            "name":  "伊图里河森林公安局",
                                            "source":  "amap_place_text",
                                            "type":  "政府机构及社会团体;政府及社会团体相关;政府及社会团体相关",
                                            "address":  "伊图里河镇",
                                            "adname":  "牙克石市",
                                            "query":  "图里河林业局"
                                        }
                     },
                     {
                         "type":  "Feature",
                         "geometry":  {
                                          "coordinates":  [
                                                              121.594634,
                                                              50.649837
                                                          ],
                                          "type":  "Point"
                                      },
                         "properties":  {
                                            "id":  "B0FFKP0ZOB",
                                            "name":  "伊图里河森林公安局",
                                            "source":  "amap_place_text",
                                            "type":  "政府机构及社会团体;政府及社会团体相关;政府及社会团体相关",
                                            "address":  "伊图里河镇",
                                            "adname":  "牙克石市",
                                            "query":  "伊图里河林业局"
                                        }
                     },
                     {
                         "type":  "Feature",
                         "geometry":  {
                                          "coordinates":  [
                                                              121.920228,
                                                              48.756229
                                                          ],
                                          "type":  "Point"
                                      },
                         "properties":  {
                                            "id":  "B0FFKPA9N3",
                                            "name":  "伊图里河林业局温河生态功能区管理处",
                                            "source":  "amap_place_text",
                                            "type":  "政府机构及社会团体;政府及社会团体相关;政府及社会团体相关",
                                            "address":  "博克图火车站北300米处",
                                            "adname":  "牙克石市",
                                            "query":  "图里河林业局"
                                        }
                     },
                     {
                         "type":  "Feature",
                         "geometry":  {
                                          "coordinates":  [
                                                              121.920228,
                                                              48.756229
                                                          ],
                                          "type":  "Point"
                                      },
                         "properties":  {
                                            "id":  "B0FFKPA9N3",
                                            "name":  "伊图里河林业局温河生态功能区管理处",
                                            "source":  "amap_place_text",
                                            "type":  "政府机构及社会团体;政府及社会团体相关;政府及社会团体相关",
                                            "address":  "博克图火车站北300米处",
                                            "adname":  "牙克石市",
                                            "query":  "伊图里河林业局"
                                        }
                     },
                     {
                         "type":  "Feature",
                         "geometry":  {
                                          "coordinates":  [
                                                              121.594622,
                                                              50.6498
                                                          ],
                                          "type":  "Point"
                                      },
                         "properties":  {
                                            "id":  "B0FFKQJ2W6",
                                            "name":  "伊图里河森林公安局伊东派出所",
                                            "source":  "amap_place_text",
                                            "type":  "政府机构及社会团体;政府及社会团体相关;政府及社会团体相关",
                                            "address":  "伊图里河林业中学",
                                            "adname":  "牙克石市",
                                            "query":  "图里河林业局"
                                        }
                     },
                     {
                         "type":  "Feature",
                         "geometry":  {
                                          "coordinates":  [
                                                              121.594622,
                                                              50.6498
                                                          ],
                                          "type":  "Point"
                                      },
                         "properties":  {
                                            "id":  "B0FFKQJ2W6",
                                            "name":  "伊图里河森林公安局伊东派出所",
                                            "source":  "amap_place_text",
                                            "type":  "政府机构及社会团体;政府及社会团体相关;政府及社会团体相关",
                                            "address":  "伊图里河林业中学",
                                            "adname":  "牙克石市",
                                            "query":  "伊图里河林业局"
                                        }
                     },
                     {
                         "type":  "Feature",
                         "geometry":  {
                                          "coordinates":  [
                                                              121.591875,
                                                              50.65075
                                                          ],
                                          "type":  "Point"
                                      },
                         "properties":  {
                                            "id":  "B0FFKQN7ZB",
                                            "name":  "星河广场",
                                            "source":  "amap_place_text",
                                            "type":  "风景名胜;公园广场;城市广场",
                                            "address":  "伊图里河镇伊图里河林业中学西北100米处",
                                            "adname":  "牙克石市",
                                            "query":  "伊图里河林业局"
                                        }
                     },
                     {
                         "type":  "Feature",
                         "geometry":  {
                                          "coordinates":  [
                                                              121.047279,
                                                              49.095812
                                                          ],
                                          "type":  "Point"
                                      },
                         "properties":  {
                                            "id":  "B0FFKSKP8G",
                                            "name":  "二胖果蔬商店(中兴商业街店)",
                                            "source":  "amap_place_text",
                                            "type":  "购物服务;综合市场;果品市场",
                                            "address":  "免渡河林业局西侧150米",
                                            "adname":  "牙克石市",
                                            "query":  "免渡河林业局"
                                        }
                     },
                     {
                         "type":  "Feature",
                         "geometry":  {
                                          "coordinates":  [
                                                              124.609563,
                                                              49.743941
                                                          ],
                                          "type":  "Point"
                                      },
                         "properties":  {
                                            "id":  "B0FFKSMLJI",
                                            "name":  "大杨树实验幼儿园",
                                            "source":  "amap_place_text",
                                            "type":  "科教文化服务;学校;幼儿园",
                                            "address":  "大杨树镇二马路",
                                            "adname":  "鄂伦春自治旗",
                                            "query":  "大杨树林场"
                                        }
                     },
                     {
                         "type":  "Feature",
                         "geometry":  {
                                          "coordinates":  [
                                                              119.732468,
                                                              49.213892
                                                          ],
                                          "type":  "Point"
                                      },
                         "properties":  {
                                            "id":  "B0FFKSQJ0X",
                                            "name":  "呼伦贝尔市林业和草原局海拉尔分局",
                                            "source":  "amap_place_text",
                                            "type":  "政府机构及社会团体;政府及社会团体相关;政府及社会团体相关",
                                            "address":  "西交界街西100米",
                                            "adname":  "海拉尔区",
                                            "query":  "海拉尔林业局"
                                        }
                     },
                     {
                         "type":  "Feature",
                         "geometry":  {
                                          "coordinates":  [
                                                              124.616826,
                                                              49.739616
                                                          ],
                                          "type":  "Point"
                                      },
                         "properties":  {
                                            "id":  "B0FFKV3NEC",
                                            "name":  "大杨树镇大辉孵化场",
                                            "source":  "amap_place_text",
                                            "type":  "公司企业;农林牧渔基地;其它农林牧渔基地",
                                            "address":  "能源路1号",
                                            "adname":  "鄂伦春自治旗",
                                            "query":  "大杨树林场"
                                        }
                     },
                     {
                         "type":  "Feature",
                         "geometry":  {
                                          "coordinates":  [
                                                              121.619461,
                                                              50.028594
                                                          ],
                                          "type":  "Point"
                                      },
                         "properties":  {
                                            "id":  "B0FFKZKIOT",
                                            "name":  "温暖居旅店",
                                            "source":  "amap_place_text",
                                            "type":  "住宿服务;旅馆招待所;旅馆招待所",
                                            "address":  "库都尔林业局西南侧120米",
                                            "adname":  "牙克石市",
                                            "query":  "库都尔林业局"
                                        }
                     },
                     {
                         "type":  "Feature",
                         "geometry":  {
                                          "coordinates":  [
                                                              123.427223,
                                                              50.343584
                                                          ],
                                          "type":  "Point"
                                      },
                         "properties":  {
                                            "id":  "B0FFL0XLLA",
                                            "name":  "阿里河国家森林公园相思谷景区",
                                            "source":  "amap_place_text",
                                            "type":  "风景名胜;风景名胜相关;旅游景点",
                                            "address":  "阿里河林业局",
                                            "adname":  "鄂伦春自治旗",
                                            "query":  "阿里河林场"
                                        }
                     },
                     {
                         "type":  "Feature",
                         "geometry":  {
                                          "coordinates":  [
                                                              123.427223,
                                                              50.343584
                                                          ],
                                          "type":  "Point"
                                      },
                         "properties":  {
                                            "id":  "B0FFL0XLLA",
                                            "name":  "阿里河国家森林公园相思谷景区",
                                            "source":  "amap_place_text",
                                            "type":  "风景名胜;风景名胜相关;旅游景点",
                                            "address":  "阿里河林业局",
                                            "adname":  "鄂伦春自治旗",
                                            "query":  "阿里河林业局"
                                        }
                     },
                     {
                         "type":  "Feature",
                         "geometry":  {
                                          "coordinates":  [
                                                              122.494963,
                                                              50.648264
                                                          ],
                                          "type":  "Point"
                                      },
                         "properties":  {
                                            "id":  "B0FFL2XZZD",
                                            "name":  "迎宾饭店(杜鹃路店)",
                                            "source":  "amap_place_text",
                                            "type":  "餐饮服务;中餐厅;中餐厅",
                                            "address":  "克一河林业局西南侧260米",
                                            "adname":  "鄂伦春自治旗",
                                            "query":  "克一河林业局"
                                        }
                     },
                     {
                         "type":  "Feature",
                         "geometry":  {
                                          "coordinates":  [
                                                              121.048987,
                                                              49.095512
                                                          ],
                                          "type":  "Point"
                                      },
                         "properties":  {
                                            "id":  "B0FFL4A3E6",
                                            "name":  "龙驰农资经销处",
                                            "source":  "amap_place_text",
                                            "type":  "购物服务;购物相关场所;购物相关场所",
                                            "address":  "免渡河林业局西南侧",
                                            "adname":  "牙克石市",
                                            "query":  "免渡河林业局"
                                        }
                     },
                     {
                         "type":  "Feature",
                         "geometry":  {
                                          "coordinates":  [
                                                              121.616772,
                                                              50.028842
                                                          ],
                                          "type":  "Point"
                                      },
                         "properties":  {
                                            "id":  "B0FFL6AWTU",
                                            "name":  "林海家电商场",
                                            "source":  "amap_place_text",
                                            "type":  "购物服务;家电电子卖场;家电电子卖场",
                                            "address":  "库都尔森林公安局西侧160米",
                                            "adname":  "牙克石市",
                                            "query":  "库都尔林业局"
                                        }
                     },
                     {
                         "type":  "Feature",
                         "geometry":  {
                                          "coordinates":  [
                                                              119.78569,
                                                              49.16409
                                                          ],
                                          "type":  "Point"
                                      },
                         "properties":  {
                                            "id":  "B0FFLB1DUB",
                                            "name":  "呼伦贝尔市森林公安局",
                                            "source":  "amap_place_text",
                                            "type":  "政府机构及社会团体;公检法机构;公检法机关",
                                            "address":  "天骄大街与成吉思汗南路交叉口东260米",
                                            "adname":  "海拉尔区",
                                            "query":  "海拉尔林业局"
                                        }
                     },
                     {
                         "type":  "Feature",
                         "geometry":  {
                                          "coordinates":  [
                                                              124.074502,
                                                              49.312084
                                                          ],
                                          "type":  "Point"
                                      },
                         "properties":  {
                                            "id":  "B0FFLB7AQO",
                                            "name":  "大杨树林业局卧罗河林场卧罗河村综合管护站",
                                            "source":  "amap_place_text",
                                            "type":  "政府机构及社会团体;政府机关;乡镇以下级政府及事业单位",
                                            "address":  "人社部业务服务窗口(卧罗河村)西侧150米",
                                            "adname":  "鄂伦春自治旗",
                                            "query":  "大杨树林业局"
                                        }
                     },
                     {
                         "type":  "Feature",
                         "geometry":  {
                                          "coordinates":  [
                                                              124.632436,
                                                              49.378373
                                                          ],
                                          "type":  "Point"
                                      },
                         "properties":  {
                                            "id":  "B0FFLBL95M",
                                            "name":  "甘河农场民心小区",
                                            "source":  "amap_place_text",
                                            "type":  "商务住宅;商务住宅相关;商务住宅相关",
                                            "address":  "甘河农场",
                                            "adname":  "莫力达瓦达斡尔族自治旗",
                                            "query":  "甘河林场"
                                        }
                     },
                     {
                         "type":  "Feature",
                         "geometry":  {
                                          "coordinates":  [
                                                              124.130748,
                                                              50.416757
                                                          ],
                                          "type":  "Point"
                                      },
                         "properties":  {
                                            "id":  "B0FFLCLAO2",
                                            "name":  "加格达奇森林资源管理分局",
                                            "source":  "amap_place_text",
                                            "type":  "政府机构及社会团体;政府机关;区县级政府及事业单位",
                                            "address":  "晨光大街与光明东路交叉口北240米",
                                            "adname":  "加格达奇区",
                                            "query":  "加格达奇林业局"
                                        }
                     },
                     {
                         "type":  "Feature",
                         "geometry":  {
                                          "coordinates":  [
                                                              121.618562,
                                                              50.028972
                                                          ],
                                          "type":  "Point"
                                      },
                         "properties":  {
                                            "id":  "B0FFLD5MKI",
                                            "name":  "同致药店(X302店)",
                                            "source":  "amap_place_text",
                                            "type":  "医疗保健服务;医药保健销售店;药房",
                                            "address":  "库都尔森林公安局西北侧50米",
                                            "adname":  "牙克石市",
                                            "query":  "库都尔林业局"
                                        }
                     },
                     {
                         "type":  "Feature",
                         "geometry":  {
                                          "coordinates":  [
                                                              124.624142,
                                                              49.73222
                                                          ],
                                          "type":  "Point"
                                      },
                         "properties":  {
                                            "id":  "B0FFLDGQ27",
                                            "name":  "鑫亿民粮油店",
                                            "source":  "amap_place_text",
                                            "type":  "购物服务;综合市场;农副产品市场",
                                            "address":  "大杨树林业局园丁小区东南侧160米",
                                            "adname":  "鄂伦春自治旗",
                                            "query":  "大杨树林业局"
                                        }
                     },
                     {
                         "type":  "Feature",
                         "geometry":  {
                                          "coordinates":  [
                                                              122.33097,
                                                              48.315159
                                                          ],
                                          "type":  "Point"
                                      },
                         "properties":  {
                                            "id":  "B0FFLIDQVL",
                                            "name":  "中共巴林林业和草原局委员会",
                                            "source":  "amap_place_text",
                                            "type":  "政府机构及社会团体;政府机关;政府机关相关",
                                            "address":  "232国道与311县道交叉口西南480米",
                                            "adname":  "牙克石市",
                                            "query":  "牙克石林业局"
                                        }
                     },
                     {
                         "type":  "Feature",
                         "geometry":  {
                                          "coordinates":  [
                                                              119.785126,
                                                              49.163983
                                                          ],
                                          "type":  "Point"
                                      },
                         "properties":  {
                                            "id":  "B0FFM14KDY",
                                            "name":  "呼伦贝尔市林业和草原局",
                                            "source":  "amap_place_text",
                                            "type":  "政府机构及社会团体;政府机关;地市级政府及事业单位",
                                            "address":  "天骄大街与001乡道交叉口北100米",
                                            "adname":  "海拉尔区",
                                            "query":  "海拉尔林业局"
                                        }
                     },
                     {
                         "type":  "Feature",
                         "geometry":  {
                                          "coordinates":  [
                                                              121.505711,
                                                              51.332672
                                                          ],
                                          "type":  "Point"
                                      },
                         "properties":  {
                                            "id":  "B0FFM1TS0I",
                                            "name":  "根河市金河镇林业和草原局",
                                            "source":  "amap_place_text",
                                            "type":  "政府机构及社会团体;政府机关;政府机关相关",
                                            "address":  "金河镇",
                                            "adname":  "根河市",
                                            "query":  "根河林业局"
                                        }
                     },
                     {
                         "type":  "Feature",
                         "geometry":  {
                                          "coordinates":  [
                                                              121.869988,
                                                              51.690669
                                                          ],
                                          "type":  "Point"
                                      },
                         "properties":  {
                                            "id":  "B0FFM4QTVH",
                                            "name":  "阿龙山林业局",
                                            "source":  "amap_place_text",
                                            "type":  "政府机构及社会团体;政府机关;乡镇级政府及事业单位",
                                            "address":  "324县道附近",
                                            "adname":  "根河市",
                                            "query":  "根河林业局"
                                        }
                     },
                     {
                         "type":  "Feature",
                         "geometry":  {
                                          "coordinates":  [
                                                              121.584174,
                                                              50.648669
                                                          ],
                                          "type":  "Point"
                                      },
                         "properties":  {
                                            "id":  "B0FFM9WNO7",
                                            "name":  "林业局工会",
                                            "source":  "amap_place_text",
                                            "type":  "政府机构及社会团体;社会团体;社会团体相关",
                                            "address":  "内蒙古农村信用社伊图里河信用社西侧170米",
                                            "adname":  "牙克石市",
                                            "query":  "伊图里河林业局"
                                        }
                     },
                     {
                         "type":  "Feature",
                         "geometry":  {
                                          "coordinates":  [
                                                              122.074399,
                                                              52.044022
                                                          ],
                                          "type":  "Point"
                                      },
                         "properties":  {
                                            "id":  "B0FFMA1JRR",
                                            "name":  "满归林业局北岸林场办事处",
                                            "source":  "amap_place_text",
                                            "type":  "政府机构及社会团体;政府机关;政府机关相关",
                                            "address":  "满归镇",
                                            "adname":  "根河市",
                                            "query":  "根河林业局"
                                        }
                     },
                     {
                         "type":  "Feature",
                         "geometry":  {
                                          "coordinates":  [
                                                              121.404542,
                                                              49.585665
                                                          ],
                                          "type":  "Point"
                                      },
                         "properties":  {
                                            "id":  "B0FFMA50IB",
                                            "name":  "乌尔旗汉森林公安局第一派出所",
                                            "source":  "amap_place_text",
                                            "type":  "政府机构及社会团体;公检法机构;公安警察",
                                            "address":  "乌尔旗汗镇惠民小区西侧",
                                            "adname":  "牙克石市",
                                            "query":  "乌尔旗汉林业局"
                                        }
                     },
                     {
                         "type":  "Feature",
                         "geometry":  {
                                          "coordinates":  [
                                                              121.820987,
                                                              50.14074
                                                          ],
                                          "type":  "Point"
                                      },
                         "properties":  {
                                            "id":  "B0FFMBWUPV",
                                            "name":  "新帐房林场",
                                            "source":  "amap_place_text",
                                            "type":  "公司企业;农林牧渔基地;其它农林牧渔基地",
                                            "address":  "库都尔森林公安局新帐房派出所",
                                            "adname":  "牙克石市",
                                            "query":  "牙克石林场"
                                        }
                     },
                     {
                         "type":  "Feature",
                         "geometry":  {
                                          "coordinates":  [
                                                              123.030048,
                                                              50.631837
                                                          ],
                                          "type":  "Point"
                                      },
                         "properties":  {
                                            "id":  "B0FFMDQ3NR",
                                            "name":  "甘河林业局森调队",
                                            "source":  "amap_place_text",
                                            "type":  "政府机构及社会团体;政府机关;政府机关相关",
                                            "address":  "苗木中心东北侧60米",
                                            "adname":  "鄂伦春自治旗",
                                            "query":  "甘河林业局"
                                        }
                     },
                     {
                         "type":  "Feature",
                         "geometry":  {
                                          "coordinates":  [
                                                              124.135654,
                                                              50.422317
                                                          ],
                                          "type":  "Point"
                                      },
                         "properties":  {
                                            "id":  "B0FFMHJ5G3",
                                            "name":  "大兴安岭地区加格达奇区粮食和物资储备局",
                                            "source":  "amap_place_text",
                                            "type":  "政府机构及社会团体;政府机关;政府机关相关",
                                            "address":  "人民路45号大兴安岭行署林业集团公司七号办公楼",
                                            "adname":  "加格达奇区",
                                            "query":  "加格达奇林业局"
                                        }
                     },
                     {
                         "type":  "Feature",
                         "geometry":  {
                                          "coordinates":  [
                                                              121.202982,
                                                              47.980987
                                                          ],
                                          "type":  "Point"
                                      },
                         "properties":  {
                                            "id":  "B0G0DA6S3L",
                                            "name":  "内蒙古绰尔林业局",
                                            "source":  "amap_place_text",
                                            "type":  "政府机构及社会团体;政府机关;政府机关相关",
                                            "address":  "",
                                            "adname":  "牙克石市",
                                            "query":  "牙克石林业局"
                                        }
                     },
                     {
                         "type":  "Feature",
                         "geometry":  {
                                          "coordinates":  [
                                                              124.624056,
                                                              49.741541
                                                          ],
                                          "type":  "Point"
                                      },
                         "properties":  {
                                            "id":  "B0G0FLB0VI",
                                            "name":  "大杨树社区卫生服务中心",
                                            "source":  "amap_place_text",
                                            "type":  "医疗保健服务;综合医院;卫生院",
                                            "address":  "甘奎路与庆丰满路交叉口东南120米",
                                            "adname":  "鄂伦春自治旗",
                                            "query":  "大杨树林场"
                                        }
                     },
                     {
                         "type":  "Feature",
                         "geometry":  {
                                          "coordinates":  [
                                                              124.620767,
                                                              49.730331
                                                          ],
                                          "type":  "Point"
                                      },
                         "properties":  {
                                            "id":  "B0G0SC118M",
                                            "name":  "大杨树森林消防大队",
                                            "source":  "amap_place_text",
                                            "type":  "政府机构及社会团体;公检法机构;消防机关",
                                            "address":  "中国石油加油站东侧280米",
                                            "adname":  "鄂伦春自治旗",
                                            "query":  "大杨树林场"
                                        }
                     },
                     {
                         "type":  "Feature",
                         "geometry":  {
                                          "coordinates":  [
                                                              124.620767,
                                                              49.730331
                                                          ],
                                          "type":  "Point"
                                      },
                         "properties":  {
                                            "id":  "B0G0SC118M",
                                            "name":  "大杨树森林消防大队",
                                            "source":  "amap_place_text",
                                            "type":  "政府机构及社会团体;公检法机构;消防机关",
                                            "address":  "中国石油加油站东侧280米",
                                            "adname":  "鄂伦春自治旗",
                                            "query":  "大杨树林业局"
                                        }
                     },
                     {
                         "type":  "Feature",
                         "geometry":  {
                                          "coordinates":  [
                                                              122.494794,
                                                              50.648712
                                                          ],
                                          "type":  "Point"
                                      },
                         "properties":  {
                                            "id":  "B0G0VHKGW1",
                                            "name":  "家电修理",
                                            "source":  "amap_place_text",
                                            "type":  "生活服务;维修站点;维修站点",
                                            "address":  "克一河林业局西南侧220米",
                                            "adname":  "鄂伦春自治旗",
                                            "query":  "克一河林业局"
                                        }
                     },
                     {
                         "type":  "Feature",
                         "geometry":  {
                                          "coordinates":  [
                                                              121.391997,
                                                              49.579051
                                                          ],
                                          "type":  "Point"
                                      },
                         "properties":  {
                                            "id":  "B0G0VHLX74",
                                            "name":  "乌尔旗汉林业工会",
                                            "source":  "amap_place_text",
                                            "type":  "政府机构及社会团体;社会团体;社会团体相关",
                                            "address":  "小海摩托修理部北侧290米",
                                            "adname":  "牙克石市",
                                            "query":  "乌尔旗汉林业局"
                                        }
                     },
                     {
                         "type":  "Feature",
                         "geometry":  {
                                          "coordinates":  [
                                                              121.048662,
                                                              49.095324
                                                          ],
                                          "type":  "Point"
                                      },
                         "properties":  {
                                            "id":  "B0G27AD8RQ",
                                            "name":  "宇凯副食商店",
                                            "source":  "amap_place_text",
                                            "type":  "购物服务;便民商店/便利店;便民商店/便利店",
                                            "address":  "免渡河林业局西南侧70米",
                                            "adname":  "牙克石市",
                                            "query":  "免渡河林业局"
                                        }
                     },
                     {
                         "type":  "Feature",
                         "geometry":  {
                                          "coordinates":  [
                                                              121.050574,
                                                              49.095609
                                                          ],
                                          "type":  "Point"
                                      },
                         "properties":  {
                                            "id":  "B0G2GDN9CI",
                                            "name":  "轩也羊蝎骨火锅",
                                            "source":  "amap_place_text",
                                            "type":  "餐饮服务;中餐厅;火锅店",
                                            "address":  "免渡河林业局东侧80米",
                                            "adname":  "牙克石市",
                                            "query":  "免渡河林业局"
                                        }
                     },
                     {
                         "type":  "Feature",
                         "geometry":  {
                                          "coordinates":  [
                                                              121.538954,
                                                              50.781648
                                                          ],
                                          "type":  "Point"
                                      },
                         "properties":  {
                                            "id":  "B0G2TU68Y6",
                                            "name":  "根河林业局",
                                            "source":  "amap_place_text",
                                            "type":  "政府机构及社会团体;政府机关;区县级政府及事业单位",
                                            "address":  "中央路与满归街交叉口西北60米",
                                            "adname":  "根河市",
                                            "query":  "根河林业局"
                                        }
                     },
                     {
                         "type":  "Feature",
                         "geometry":  {
                                          "coordinates":  [
                                                              124.600337,
                                                              49.746096
                                                          ],
                                          "type":  "Point"
                                      },
                         "properties":  {
                                            "id":  "B0G2YYQ3Z4",
                                            "name":  "绿安超市(多布库尔街店)",
                                            "source":  "amap_place_text",
                                            "type":  "购物服务;便民商店/便利店;便民商店/便利店",
                                            "address":  "大杨树林业局园丁小区东侧约200米",
                                            "adname":  "鄂伦春自治旗",
                                            "query":  "大杨树林业局"
                                        }
                     },
                     {
                         "type":  "Feature",
                         "geometry":  {
                                          "coordinates":  [
                                                              123.051426,
                                                              50.630881
                                                          ],
                                          "type":  "Point"
                                      },
                         "properties":  {
                                            "id":  "B0G30PH1IY",
                                            "name":  "鑫源内衣生活馆",
                                            "source":  "amap_place_text",
                                            "type":  "购物服务;服装鞋帽皮具店;服装鞋帽皮具店",
                                            "address":  "甘河镇甘河林业局",
                                            "adname":  "鄂伦春自治旗",
                                            "query":  "甘河林业局"
                                        }
                     },
                     {
                         "type":  "Feature",
                         "geometry":  {
                                          "coordinates":  [
                                                              123.048776,
                                                              50.631041
                                                          ],
                                          "type":  "Point"
                                      },
                         "properties":  {
                                            "id":  "B0G3JR83GT",
                                            "name":  "东金五金商店",
                                            "source":  "amap_place_text",
                                            "type":  "购物服务;家居建材市场;建材五金市场",
                                            "address":  "甘河镇甘河林业局",
                                            "adname":  "鄂伦春自治旗",
                                            "query":  "甘河林业局"
                                        }
                     },
                     {
                         "type":  "Feature",
                         "geometry":  {
                                          "coordinates":  [
                                                              121.58924,
                                                              50.649154
                                                          ],
                                          "type":  "Point"
                                      },
                         "properties":  {
                                            "id":  "B0G3JU65F6",
                                            "name":  "淑清吉祥蔬菜水果商店",
                                            "source":  "amap_place_text",
                                            "type":  "购物服务;专卖店;专营店",
                                            "address":  "伊图里河林业局西侧80米",
                                            "adname":  "牙克石市",
                                            "query":  "伊图里河林业局"
                                        }
                     },
                     {
                         "type":  "Feature",
                         "geometry":  {
                                          "coordinates":  [
                                                              121.589073,
                                                              50.650231
                                                          ],
                                          "type":  "Point"
                                      },
                         "properties":  {
                                            "id":  "B0G3JU7KN8",
                                            "name":  "伊乡源酒店",
                                            "source":  "amap_place_text",
                                            "type":  "住宿服务;宾馆酒店;宾馆酒店",
                                            "address":  "伊图里河林业局西北侧110米",
                                            "adname":  "牙克石市",
                                            "query":  "伊图里河林业局"
                                        }
                     },
                     {
                         "type":  "Feature",
                         "geometry":  {
                                          "coordinates":  [
                                                              121.589147,
                                                              50.649779
                                                          ],
                                          "type":  "Point"
                                      },
                         "properties":  {
                                            "id":  "B0G3JU7Z2I",
                                            "name":  "国家电网",
                                            "source":  "amap_place_text",
                                            "type":  "生活服务;电力营业厅;电力营业厅",
                                            "address":  "伊图里河林业局西侧80米",
                                            "adname":  "牙克石市",
                                            "query":  "伊图里河林业局"
                                        }
                     },
                     {
                         "type":  "Feature",
                         "geometry":  {
                                          "coordinates":  [
                                                              123.075097,
                                                              50.63384
                                                          ],
                                          "type":  "Point"
                                      },
                         "properties":  {
                                            "id":  "B0GD3A3IRB",
                                            "name":  "甘河林业局物资供应处",
                                            "source":  "amap_place_text",
                                            "type":  "政府机构及社会团体;政府及社会团体相关;政府及社会团体相关",
                                            "address":  "",
                                            "adname":  "鄂伦春自治旗",
                                            "query":  "甘河林业局"
                                        }
                     },
                     {
                         "type":  "Feature",
                         "geometry":  {
                                          "coordinates":  [
                                                              121.047244,
                                                              49.095846
                                                          ],
                                          "type":  "Point"
                                      },
                         "properties":  {
                                            "id":  "B0GKFNN1VY",
                                            "name":  "娜仁工艺品商店",
                                            "source":  "amap_place_text",
                                            "type":  "购物服务;便民商店/便利店;便民商店/便利店",
                                            "address":  "免渡河林业局西侧160米",
                                            "adname":  "牙克石市",
                                            "query":  "免渡河林业局"
                                        }
                     },
                     {
                         "type":  "Feature",
                         "geometry":  {
                                          "coordinates":  [
                                                              121.050652,
                                                              49.095521
                                                          ],
                                          "type":  "Point"
                                      },
                         "properties":  {
                                            "id":  "B0GKHC1FQR",
                                            "name":  "晟华园经典菜馆",
                                            "source":  "amap_place_text",
                                            "type":  "餐饮服务;中餐厅;中餐厅",
                                            "address":  "免渡河林业局东侧80米",
                                            "adname":  "牙克石市",
                                            "query":  "免渡河林业局"
                                        }
                     },
                     {
                         "type":  "Feature",
                         "geometry":  {
                                          "coordinates":  [
                                                              121.61954,
                                                              50.028706
                                                          ],
                                          "type":  "Point"
                                      },
                         "properties":  {
                                            "id":  "B0GKXLGZOD",
                                            "name":  "四季香约火锅",
                                            "source":  "amap_place_text",
                                            "type":  "餐饮服务;中餐厅;火锅店",
                                            "address":  "库都尔林业局西南侧110米",
                                            "adname":  "牙克石市",
                                            "query":  "库都尔林业局"
                                        }
                     },
                     {
                         "type":  "Feature",
                         "geometry":  {
                                          "coordinates":  [
                                                              121.04708,
                                                              49.096008
                                                          ],
                                          "type":  "Point"
                                      },
                         "properties":  {
                                            "id":  "B0GKYPEY21",
                                            "name":  "潮衣裤服装批发城(中兴商业街店)",
                                            "source":  "amap_place_text",
                                            "type":  "购物服务;服装鞋帽皮具店;服装鞋帽皮具店",
                                            "address":  "免渡河林业局西侧170米",
                                            "adname":  "牙克石市",
                                            "query":  "免渡河林业局"
                                        }
                     },
                     {
                         "type":  "Feature",
                         "geometry":  {
                                          "coordinates":  [
                                                              121.392808,
                                                              49.578739
                                                          ],
                                          "type":  "Point"
                                      },
                         "properties":  {
                                            "id":  "B0GRNH78AF",
                                            "name":  "源章商店",
                                            "source":  "amap_place_text",
                                            "type":  "购物服务;便民商店/便利店;便民商店/便利店",
                                            "address":  "乌尔旗汉林业工会东侧60米",
                                            "adname":  "牙克石市",
                                            "query":  "乌尔旗汉林业局"
                                        }
                     },
                     {
                         "type":  "Feature",
                         "geometry":  {
                                          "coordinates":  [
                                                              124.078901,
                                                              50.425426
                                                          ],
                                          "type":  "Point"
                                      },
                         "properties":  {
                                            "id":  "B0GUOL5JVH",
                                            "name":  "加格达奇林业局(跃进经营林场)",
                                            "source":  "amap_place_text",
                                            "type":  "政府机构及社会团体;政府机关;政府机关相关",
                                            "address":  "西兴苑小区北410米",
                                            "adname":  "加格达奇区",
                                            "query":  "加格达奇林场"
                                        }
                     },
                     {
                         "type":  "Feature",
                         "geometry":  {
                                          "coordinates":  [
                                                              124.078901,
                                                              50.425426
                                                          ],
                                          "type":  "Point"
                                      },
                         "properties":  {
                                            "id":  "B0GUOL5JVH",
                                            "name":  "加格达奇林业局(跃进经营林场)",
                                            "source":  "amap_place_text",
                                            "type":  "政府机构及社会团体;政府机关;政府机关相关",
                                            "address":  "西兴苑小区北410米",
                                            "adname":  "加格达奇区",
                                            "query":  "加格达奇林业局"
                                        }
                     },
                     {
                         "type":  "Feature",
                         "geometry":  {
                                          "coordinates":  [
                                                              124.623772,
                                                              49.737044
                                                          ],
                                          "type":  "Point"
                                      },
                         "properties":  {
                                            "id":  "B0H3J604A5",
                                            "name":  "嘛哩嘛哩酸菜鱼(大杨树店)",
                                            "source":  "amap_place_text",
                                            "type":  "餐饮服务;中餐厅;中餐厅",
                                            "address":  "大杨树林业局派出所东侧",
                                            "adname":  "鄂伦春自治旗",
                                            "query":  "大杨树林业局"
                                        }
                     },
                     {
                         "type":  "Feature",
                         "geometry":  {
                                          "coordinates":  [
                                                              123.183986,
                                                              50.579623
                                                          ],
                                          "type":  "Point"
                                      },
                         "properties":  {
                                            "id":  "B0H64ZHXZQ",
                                            "name":  "中共吉文林业局森防站支部委员会",
                                            "source":  "amap_place_text",
                                            "type":  "政府机构及社会团体;政府机关;乡镇级政府及事业单位",
                                            "address":  "",
                                            "adname":  "鄂伦春自治旗",
                                            "query":  "吉文林业局"
                                        }
                     },
                     {
                         "type":  "Feature",
                         "geometry":  {
                                          "coordinates":  [
                                                              122.495225,
                                                              50.649175
                                                          ],
                                          "type":  "Point"
                                      },
                         "properties":  {
                                            "id":  "B0H6CMW4TS",
                                            "name":  "克一河新悦来食品商店",
                                            "source":  "amap_place_text",
                                            "type":  "购物服务;便民商店/便利店;便民商店/便利店",
                                            "address":  "克一河林业局老楼三号楼下",
                                            "adname":  "鄂伦春自治旗",
                                            "query":  "克一河林业局"
                                        }
                     },
                     {
                         "type":  "Feature",
                         "geometry":  {
                                          "coordinates":  [
                                                              123.183862,
                                                              50.579725
                                                          ],
                                          "type":  "Point"
                                      },
                         "properties":  {
                                            "id":  "B0H6PMM12W",
                                            "name":  "内蒙古吉文林业局森防站",
                                            "source":  "amap_place_text",
                                            "type":  "政府机构及社会团体;政府机关;乡镇级政府及事业单位",
                                            "address":  "吉文镇",
                                            "adname":  "鄂伦春自治旗",
                                            "query":  "吉文林业局"
                                        }
                     },
                     {
                         "type":  "Feature",
                         "geometry":  {
                                          "coordinates":  [
                                                              123.730329,
                                                              50.580544
                                                          ],
                                          "type":  "Point"
                                      },
                         "properties":  {
                                            "id":  "B0HBTU37FJ",
                                            "name":  "阿里河站停车场",
                                            "source":  "amap_place_text",
                                            "type":  "交通设施服务;停车场;公共停车场",
                                            "address":  "中央路与向阳街交叉口南80米",
                                            "adname":  "鄂伦春自治旗",
                                            "query":  "阿里河林场"
                                        }
                     },
                     {
                         "type":  "Feature",
                         "geometry":  {
                                          "coordinates":  [
                                                              121.047056,
                                                              49.095592
                                                          ],
                                          "type":  "Point"
                                      },
                         "properties":  {
                                            "id":  "B0HG0SXTQ8",
                                            "name":  "中国福利彩票(中华路三道街店)",
                                            "source":  "amap_place_text",
                                            "type":  "生活服务;彩票彩券销售点;彩票彩券销售点",
                                            "address":  "免渡河林业局西侧170米",
                                            "adname":  "牙克石市",
                                            "query":  "免渡河林业局"
                                        }
                     },
                     {
                         "type":  "Feature",
                         "geometry":  {
                                          "coordinates":  [
                                                              123.075807,
                                                              50.635398
                                                          ],
                                          "type":  "Point"
                                      },
                         "properties":  {
                                            "id":  "B0HK1S4PN9",
                                            "name":  "甘源管护所",
                                            "source":  "amap_place_text",
                                            "type":  "政府机构及社会团体;政府及社会团体相关;政府及社会团体相关",
                                            "address":  "甘河林业公路管理处",
                                            "adname":  "鄂伦春自治旗",
                                            "query":  "甘河林业局"
                                        }
                     },
                     {
                         "type":  "Feature",
                         "geometry":  {
                                          "coordinates":  [
                                                              121.050032,
                                                              49.095981
                                                          ],
                                          "type":  "Point"
                                      },
                         "properties":  {
                                            "id":  "B0HKKSK5RL",
                                            "name":  "包氏砂锅馅饼(中兴商业街店)",
                                            "source":  "amap_place_text",
                                            "type":  "餐饮服务;快餐厅;快餐厅",
                                            "address":  "免渡河林业局东北侧50米",
                                            "adname":  "牙克石市",
                                            "query":  "免渡河林业局"
                                        }
                     },
                     {
                         "type":  "Feature",
                         "geometry":  {
                                          "coordinates":  [
                                                              124.125159,
                                                              50.423776
                                                          ],
                                          "type":  "Point"
                                      },
                         "properties":  {
                                            "id":  "B0HR5G8RYC",
                                            "name":  "加格达奇区林业和草原局",
                                            "source":  "amap_place_text",
                                            "type":  "政府机构及社会团体;政府机关;政府机关相关",
                                            "address":  "",
                                            "adname":  "加格达奇区",
                                            "query":  "加格达奇林业局"
                                        }
                     },
                     {
                         "type":  "Feature",
                         "geometry":  {
                                          "coordinates":  [
                                                              124.318088,
                                                              49.924873
                                                          ],
                                          "type":  "Point"
                                      },
                         "properties":  {
                                            "id":  "B0HRD7YK3F",
                                            "name":  "甘河",
                                            "source":  "amap_place_text",
                                            "type":  "地名地址信息;自然地名;河流",
                                            "address":  "鄂伦春自治旗",
                                            "adname":  "鄂伦春自治旗",
                                            "query":  "甘河林场"
                                        }
                     },
                     {
                         "type":  "Feature",
                         "geometry":  {
                                          "coordinates":  [
                                                              121.50454,
                                                              51.334034
                                                          ],
                                          "type":  "Point"
                                      },
                         "properties":  {
                                            "id":  "B0HRLR33SD",
                                            "name":  "金河林业局电讯管理处",
                                            "source":  "amap_place_text",
                                            "type":  "政府机构及社会团体;政府机关;政府机关相关",
                                            "address":  "204省道与302省道交叉口东480米",
                                            "adname":  "根河市",
                                            "query":  "根河林业局"
                                        }
                     },
                     {
                         "type":  "Feature",
                         "geometry":  {
                                          "coordinates":  [
                                                              123.632597,
                                                              50.75526
                                                          ],
                                          "type":  "Point"
                                      },
                         "properties":  {
                                            "id":  "B0I0BRCMNK",
                                            "name":  "阿里河",
                                            "source":  "amap_place_text",
                                            "type":  "地名地址信息;自然地名;河流",
                                            "address":  "鄂伦春自治旗",
                                            "adname":  "鄂伦春自治旗",
                                            "query":  "阿里河林场"
                                        }
                     },
                     {
                         "type":  "Feature",
                         "geometry":  {
                                          "coordinates":  [
                                                              123.481613,
                                                              50.823398
                                                          ],
                                          "type":  "Point"
                                      },
                         "properties":  {
                                            "id":  "B0I0BRFWI7",
                                            "name":  "阿里河",
                                            "source":  "amap_place_text",
                                            "type":  "地名地址信息;自然地名;河流",
                                            "address":  "鄂伦春自治旗",
                                            "adname":  "鄂伦春自治旗",
                                            "query":  "阿里河林场"
                                        }
                     },
                     {
                         "type":  "Feature",
                         "geometry":  {
                                          "coordinates":  [
                                                              123.498427,
                                                              51.049206
                                                          ],
                                          "type":  "Point"
                                      },
                         "properties":  {
                                            "id":  "B0I0UR5RCD",
                                            "name":  "阿里河",
                                            "source":  "amap_place_text",
                                            "type":  "地名地址信息;自然地名;河流",
                                            "address":  "鄂伦春自治旗",
                                            "adname":  "鄂伦春自治旗",
                                            "query":  "阿里河林场"
                                        }
                     },
                     {
                         "type":  "Feature",
                         "geometry":  {
                                          "coordinates":  [
                                                              123.503299,
                                                              50.931176
                                                          ],
                                          "type":  "Point"
                                      },
                         "properties":  {
                                            "id":  "B0I0UR89D7",
                                            "name":  "阿里河",
                                            "source":  "amap_place_text",
                                            "type":  "地名地址信息;自然地名;河流",
                                            "address":  "鄂伦春自治旗",
                                            "adname":  "鄂伦春自治旗",
                                            "query":  "阿里河林场"
                                        }
                     },
                     {
                         "type":  "Feature",
                         "geometry":  {
                                          "coordinates":  [
                                                              123.524822,
                                                              51.015537
                                                          ],
                                          "type":  "Point"
                                      },
                         "properties":  {
                                            "id":  "B0I0UR93PM",
                                            "name":  "阿里河",
                                            "source":  "amap_place_text",
                                            "type":  "地名地址信息;自然地名;河流",
                                            "address":  "鄂伦春自治旗",
                                            "adname":  "鄂伦春自治旗",
                                            "query":  "阿里河林场"
                                        }
                     },
                     {
                         "type":  "Feature",
                         "geometry":  {
                                          "coordinates":  [
                                                              123.528336,
                                                              50.977108
                                                          ],
                                          "type":  "Point"
                                      },
                         "properties":  {
                                            "id":  "B0I0UR93PZ",
                                            "name":  "阿里河",
                                            "source":  "amap_place_text",
                                            "type":  "地名地址信息;自然地名;河流",
                                            "address":  "鄂伦春自治旗",
                                            "adname":  "鄂伦春自治旗",
                                            "query":  "阿里河林场"
                                        }
                     },
                     {
                         "type":  "Feature",
                         "geometry":  {
                                          "coordinates":  [
                                                              121.591475,
                                                              50.648842
                                                          ],
                                          "type":  "Point"
                                      },
                         "properties":  {
                                            "id":  "B0I33RYU0K",
                                            "name":  "伊图里河宾馆",
                                            "source":  "amap_place_text",
                                            "type":  "住宿服务;住宿服务相关;住宿服务相关",
                                            "address":  "伊图里河镇",
                                            "adname":  "牙克石市",
                                            "query":  "伊图里河林业局"
                                        }
                     },
                     {
                         "type":  "Feature",
                         "geometry":  {
                                          "coordinates":  [
                                                              119.76744,
                                                              49.217313
                                                          ],
                                          "type":  "Point"
                                      },
                         "properties":  {
                                            "id":  "B0IA3ST0U9",
                                            "name":  "阿里河路",
                                            "source":  "amap_place_text",
                                            "type":  "地名地址信息;交通地名;道路名",
                                            "address":  "海拉尔区",
                                            "adname":  "海拉尔区",
                                            "query":  "阿里河林场"
                                        }
                     },
                     {
                         "type":  "Feature",
                         "geometry":  {
                                          "coordinates":  [
                                                              123.058534,
                                                              50.633858
                                                          ],
                                          "type":  "Point"
                                      },
                         "properties":  {
                                            "id":  "B0IA97R33M",
                                            "name":  "甘河林业局奇力滨管护所",
                                            "source":  "amap_place_text",
                                            "type":  "政府机构及社会团体;政府及社会团体相关;政府及社会团体相关",
                                            "address":  "甘河镇",
                                            "adname":  "鄂伦春自治旗",
                                            "query":  "甘河林业局"
                                        }
                     },
                     {
                         "type":  "Feature",
                         "geometry":  {
                                          "coordinates":  [
                                                              120.699185,
                                                              49.287681
                                                          ],
                                          "type":  "Point"
                                      },
                         "properties":  {
                                            "id":  "B0IK5SNQH0",
                                            "name":  "牙克石林业和草原局",
                                            "source":  "amap_place_text",
                                            "type":  "政府机构及社会团体;政府机关;乡镇级政府及事业单位",
                                            "address":  "湖滨北路25号",
                                            "adname":  "牙克石市",
                                            "query":  "牙克石林业局"
                                        }
                     },
                     {
                         "type":  "Feature",
                         "geometry":  {
                                          "coordinates":  [
                                                              124.624621,
                                                              49.737502
                                                          ],
                                          "type":  "Point"
                                      },
                         "properties":  {
                                            "id":  "B0J2Z629SA",
                                            "name":  "大杨树林业局鑫港海鲜",
                                            "source":  "amap_place_text",
                                            "type":  "餐饮服务;中餐厅;海鲜酒楼",
                                            "address":  "大杨树镇林业局四号商住楼28号一带二层",
                                            "adname":  "鄂伦春自治旗",
                                            "query":  "大杨树林业局"
                                        }
                     },
                     {
                         "type":  "Feature",
                         "geometry":  {
                                          "coordinates":  [
                                                              123.67161,
                                                              50.714968
                                                          ],
                                          "type":  "Point"
                                      },
                         "properties":  {
                                            "id":  "B0J6PR7HYF",
                                            "name":  "阿里河",
                                            "source":  "amap_place_text",
                                            "type":  "地名地址信息;自然地名;河流",
                                            "address":  "鄂伦春自治旗",
                                            "adname":  "鄂伦春自治旗",
                                            "query":  "阿里河林场"
                                        }
                     },
                     {
                         "type":  "Feature",
                         "geometry":  {
                                          "coordinates":  [
                                                              123.041403,
                                                              50.63147
                                                          ],
                                          "type":  "Point"
                                      },
                         "properties":  {
                                            "id":  "B0JB17HD1D",
                                            "name":  "甘河森林工业有限公司库西林场",
                                            "source":  "amap_place_text",
                                            "type":  "公司企业;农林牧渔基地;其它农林牧渔基地",
                                            "address":  "甘河镇人民政府西南侧60米",
                                            "adname":  "鄂伦春自治旗",
                                            "query":  "甘河林业局"
                                        }
                     },
                     {
                         "type":  "Feature",
                         "geometry":  {
                                          "coordinates":  [
                                                              124.29237,
                                                              49.878089
                                                          ],
                                          "type":  "Point"
                                      },
                         "properties":  {
                                            "id":  "B0JB17HD22",
                                            "name":  "大杨树林业有限责任公司朝阳林场",
                                            "source":  "amap_place_text",
                                            "type":  "公司企业;农林牧渔基地;其它农林牧渔基地",
                                            "address":  "乌鲁布铁镇扎兰河农场",
                                            "adname":  "鄂伦春自治旗",
                                            "query":  "大杨树林场"
                                        }
                     },
                     {
                         "type":  "Feature",
                         "geometry":  {
                                          "coordinates":  [
                                                              124.29237,
                                                              49.878089
                                                          ],
                                          "type":  "Point"
                                      },
                         "properties":  {
                                            "id":  "B0JB17HD22",
                                            "name":  "大杨树林业有限责任公司朝阳林场",
                                            "source":  "amap_place_text",
                                            "type":  "公司企业;农林牧渔基地;其它农林牧渔基地",
                                            "address":  "乌鲁布铁镇扎兰河农场",
                                            "adname":  "鄂伦春自治旗",
                                            "query":  "大杨树林业局"
                                        }
                     },
                     {
                         "type":  "Feature",
                         "geometry":  {
                                          "coordinates":  [
                                                              124.609692,
                                                              49.720422
                                                          ],
                                          "type":  "Point"
                                      },
                         "properties":  {
                                            "id":  "B0JBM756EM",
                                            "name":  "瑞丰液化气有限责任公司",
                                            "source":  "amap_place_text",
                                            "type":  "公司企业;公司;公司|生活服务;生活服务场所;生活服务场所",
                                            "address":  "大杨树镇林业局工程处坝北侧",
                                            "adname":  "鄂伦春自治旗",
                                            "query":  "大杨树林业局"
                                        }
                     },
                     {
                         "type":  "Feature",
                         "geometry":  {
                                          "coordinates":  [
                                                              123.056739,
                                                              50.631363
                                                          ],
                                          "type":  "Point"
                                      },
                         "properties":  {
                                            "id":  "B0JBP9840V",
                                            "name":  "甘河森林公安局中心派出所",
                                            "source":  "amap_place_text",
                                            "type":  "政府机构及社会团体;公检法机构;公安警察",
                                            "address":  "老兵饭庄东南侧210米",
                                            "adname":  "鄂伦春自治旗",
                                            "query":  "甘河林业局"
                                        }
                     },
                     {
                         "type":  "Feature",
                         "geometry":  {
                                          "coordinates":  [
                                                              124.655306,
                                                              49.730299
                                                          ],
                                          "type":  "Point"
                                      },
                         "properties":  {
                                            "id":  "B0JG1SANFT",
                                            "name":  "大杨树林场卫生室",
                                            "source":  "amap_place_text",
                                            "type":  "医疗保健服务;诊所;诊所",
                                            "address":  "大杨树林场文化活动室西侧",
                                            "adname":  "鄂伦春自治旗",
                                            "query":  "大杨树林场"
                                        }
                     },
                     {
                         "type":  "Feature",
                         "geometry":  {
                                          "coordinates":  [
                                                              124.655432,
                                                              49.730294
                                                          ],
                                          "type":  "Point"
                                      },
                         "properties":  {
                                            "id":  "B0JG1SF2KR",
                                            "name":  "大杨树林场文化活动室",
                                            "source":  "amap_place_text",
                                            "type":  "科教文化服务;文化宫;文化宫",
                                            "address":  "林场卫生室东侧",
                                            "adname":  "鄂伦春自治旗",
                                            "query":  "大杨树林场"
                                        }
                     },
                     {
                         "type":  "Feature",
                         "geometry":  {
                                          "coordinates":  [
                                                              123.906695,
                                                              50.525685
                                                          ],
                                          "type":  "Point"
                                      },
                         "properties":  {
                                            "id":  "B0JG1SF2KS",
                                            "name":  "内蒙古大兴安岭森林公安局阿里河分局第二派出所",
                                            "source":  "amap_place_text",
                                            "type":  "政府机构及社会团体;公检法机构;公安警察",
                                            "address":  "191县道",
                                            "adname":  "鄂伦春自治旗",
                                            "query":  "阿里河林业局"
                                        }
                     },
                     {
                         "type":  "Feature",
                         "geometry":  {
                                          "coordinates":  [
                                                              124.625317,
                                                              49.737581
                                                          ],
                                          "type":  "Point"
                                      },
                         "properties":  {
                                            "id":  "B0JG1ZEVIJ",
                                            "name":  "哎约海鲜烧烤一角串",
                                            "source":  "amap_place_text",
                                            "type":  "餐饮服务;中餐厅;中餐厅",
                                            "address":  "能源路与多布库尔街交叉口东南200米",
                                            "adname":  "鄂伦春自治旗",
                                            "query":  "大杨树林业局"
                                        }
                     },
                     {
                         "type":  "Feature",
                         "geometry":  {
                                          "coordinates":  [
                                                              124.650703,
                                                              49.730546
                                                          ],
                                          "type":  "Point"
                                      },
                         "properties":  {
                                            "id":  "B0JG1ZFHQN",
                                            "name":  "大杨树林场",
                                            "source":  "amap_place_text",
                                            "type":  "公司企业;农林牧渔基地;其它农林牧渔基地",
                                            "address":  "升华公司西侧120米",
                                            "adname":  "鄂伦春自治旗",
                                            "query":  "大杨树林场"
                                        }
                     },
                     {
                         "type":  "Feature",
                         "geometry":  {
                                          "coordinates":  [
                                                              123.709516,
                                                              50.598801
                                                          ],
                                          "type":  "Point"
                                      },
                         "properties":  {
                                            "id":  "B0JG1ZGIHV",
                                            "name":  "内蒙古大兴安岭森林公安局阿里河分局第一派出所",
                                            "source":  "amap_place_text",
                                            "type":  "政府机构及社会团体;公检法机构;公安警察",
                                            "address":  "广场路一巷8号",
                                            "adname":  "鄂伦春自治旗",
                                            "query":  "阿里河林业局"
                                        }
                     },
                     {
                         "type":  "Feature",
                         "geometry":  {
                                          "coordinates":  [
                                                              123.058069,
                                                              50.635716
                                                          ],
                                          "type":  "Point"
                                      },
                         "properties":  {
                                            "id":  "B0JGNDTQHH",
                                            "name":  "林泰物业锅炉房",
                                            "source":  "amap_place_text",
                                            "type":  "生活服务;生活服务场所;生活服务场所",
                                            "address":  "甘河林业局奇力滨管护所北侧200米",
                                            "adname":  "鄂伦春自治旗",
                                            "query":  "甘河林业局"
                                        }
                     },
                     {
                         "type":  "Feature",
                         "geometry":  {
                                          "coordinates":  [
                                                              122.504819,
                                                              50.651841
                                                          ],
                                          "type":  "Point"
                                      },
                         "properties":  {
                                            "id":  "B0JGNDUSIX",
                                            "name":  "克一河林业局森调大队",
                                            "source":  "amap_place_text",
                                            "type":  "政府机构及社会团体;政府机关;乡镇级政府及事业单位",
                                            "address":  "克一河镇中央街大桥东南侧",
                                            "adname":  "鄂伦春自治旗",
                                            "query":  "克一河林业局"
                                        }
                     },
                     {
                         "type":  "Feature",
                         "geometry":  {
                                          "coordinates":  [
                                                              124.239739,
                                                              49.55351
                                                          ],
                                          "type":  "Point"
                                      },
                         "properties":  {
                                            "id":  "B0JGNHQYWC",
                                            "name":  "内蒙古大兴安岭森林公安局大杨树分局宜里派出所",
                                            "source":  "amap_place_text",
                                            "type":  "政府机构及社会团体;公检法机构;公安警察",
                                            "address":  "宜升街",
                                            "adname":  "鄂伦春自治旗",
                                            "query":  "大杨树林业局"
                                        }
                     },
                     {
                         "type":  "Feature",
                         "geometry":  {
                                          "coordinates":  [
                                                              122.497274,
                                                              50.651139
                                                          ],
                                          "type":  "Point"
                                      },
                         "properties":  {
                                            "id":  "B0JGNSSVXR",
                                            "name":  "林泰物业克一河分公司",
                                            "source":  "amap_place_text",
                                            "type":  "公司企业;公司;公司",
                                            "address":  "中央街362号",
                                            "adname":  "鄂伦春自治旗",
                                            "query":  "克一河林业局"
                                        }
                     },
                     {
                         "type":  "Feature",
                         "geometry":  {
                                          "coordinates":  [
                                                              123.065999,
                                                              50.634322
                                                          ],
                                          "type":  "Point"
                                      },
                         "properties":  {
                                            "id":  "B0JGNSUSEI",
                                            "name":  "甘河森林工业有限公司源江林场",
                                            "source":  "amap_place_text",
                                            "type":  "公司企业;农林牧渔基地;其它农林牧渔基地",
                                            "address":  "中共甘河森工公司贮木场总支委员会北侧210米",
                                            "adname":  "鄂伦春自治旗",
                                            "query":  "甘河林业局"
                                        }
                     },
                     {
                         "type":  "Feature",
                         "geometry":  {
                                          "coordinates":  [
                                                              123.066863,
                                                              50.634197
                                                          ],
                                          "type":  "Point"
                                      },
                         "properties":  {
                                            "id":  "B0JGNSV7MN",
                                            "name":  "甘河森林公安局第一派出所",
                                            "source":  "amap_place_text",
                                            "type":  "政府机构及社会团体;公检法机构;公安警察",
                                            "address":  "中共甘河森工公司贮木场总支委员会北侧190米",
                                            "adname":  "鄂伦春自治旗",
                                            "query":  "甘河林业局"
                                        }
                     },
                     {
                         "type":  "Feature",
                         "geometry":  {
                                          "coordinates":  [
                                                              123.065791,
                                                              50.634188
                                                          ],
                                          "type":  "Point"
                                      },
                         "properties":  {
                                            "id":  "B0JGNSVF27",
                                            "name":  "甘河森林工业有限公司乌里依特林场",
                                            "source":  "amap_place_text",
                                            "type":  "公司企业;农林牧渔基地;其它农林牧渔基地",
                                            "address":  "中共甘河森工公司贮木场总支委员会西北侧200米",
                                            "adname":  "鄂伦春自治旗",
                                            "query":  "甘河林业局"
                                        }
                     },
                     {
                         "type":  "Feature",
                         "geometry":  {
                                          "coordinates":  [
                                                              122.49428,
                                                              50.650107
                                                          ],
                                          "type":  "Point"
                                      },
                         "properties":  {
                                            "id":  "B0JGNSVMPL",
                                            "name":  "星期八酒行",
                                            "source":  "amap_place_text",
                                            "type":  "购物服务;专卖店;烟酒专卖店",
                                            "address":  "克一河林业局西侧130米",
                                            "adname":  "鄂伦春自治旗",
                                            "query":  "克一河林业局"
                                        }
                     },
                     {
                         "type":  "Feature",
                         "geometry":  {
                                          "coordinates":  [
                                                              123.059767,
                                                              50.63169
                                                          ],
                                          "type":  "Point"
                                      },
                         "properties":  {
                                            "id":  "B0JGNSVU8H",
                                            "name":  "甘河森林工业有限公司森林消防专业扑火队",
                                            "source":  "amap_place_text",
                                            "type":  "政府机构及社会团体;公检法机构;消防机关",
                                            "address":  "吉祥旅店车库东侧190米",
                                            "adname":  "鄂伦春自治旗",
                                            "query":  "甘河林业局"
                                        }
                     },
                     {
                         "type":  "Feature",
                         "geometry":  {
                                          "coordinates":  [
                                                              123.091895,
                                                              50.644593
                                                          ],
                                          "type":  "Point"
                                      },
                         "properties":  {
                                            "id":  "B0JGNSWEM5",
                                            "name":  "甘河森林公路养护中心",
                                            "source":  "amap_place_text",
                                            "type":  "公司企业;公司;公司",
                                            "address":  "运材路",
                                            "adname":  "鄂伦春自治旗",
                                            "query":  "甘河林业局"
                                        }
                     },
                     {
                         "type":  "Feature",
                         "geometry":  {
                                          "coordinates":  [
                                                              123.040884,
                                                              50.631949
                                                          ],
                                          "type":  "Point"
                                      },
                         "properties":  {
                                            "id":  "B0JGTCYIWJ",
                                            "name":  "甘河林业局离退休职工管理处",
                                            "source":  "amap_place_text",
                                            "type":  "政府机构及社会团体;政府机关;区县级政府及事业单位",
                                            "address":  "甘河林业医院西侧100米",
                                            "adname":  "鄂伦春自治旗",
                                            "query":  "甘河林业局"
                                        }
                     },
                     {
                         "type":  "Feature",
                         "geometry":  {
                                          "coordinates":  [
                                                              124.631503,
                                                              49.754358
                                                          ],
                                          "type":  "Point"
                                      },
                         "properties":  {
                                            "id":  "B0JGX7BD25",
                                            "name":  "内蒙古大杨树粮库有限责任公司",
                                            "source":  "amap_place_text",
                                            "type":  "公司企业;公司;公司",
                                            "address":  "大杨树镇",
                                            "adname":  "鄂伦春自治旗",
                                            "query":  "大杨树林场"
                                        }
                     },
                     {
                         "type":  "Feature",
                         "geometry":  {
                                          "coordinates":  [
                                                              124.289345,
                                                              50.614391
                                                          ],
                                          "type":  "Point"
                                      },
                         "properties":  {
                                            "id":  "B0JKGH6G0Q",
                                            "name":  "大兴安岭林业集团加格达奇林业局翠峰林场翠古0公里检查站工会户外劳动者服务站点",
                                            "source":  "amap_place_text",
                                            "type":  "生活服务;生活服务场所;生活服务场所",
                                            "address":  "加漠公路",
                                            "adname":  "鄂伦春自治旗",
                                            "query":  "加格达奇林场"
                                        }
                     },
                     {
                         "type":  "Feature",
                         "geometry":  {
                                          "coordinates":  [
                                                              122.397456,
                                                              50.64406
                                                          ],
                                          "type":  "Point"
                                      },
                         "properties":  {
                                            "id":  "B0JKYZVP0I",
                                            "name":  "工会驿站(克一河林业局66综合管护站工会户外劳动者服务站点)",
                                            "source":  "amap_place_text",
                                            "type":  "生活服务;生活服务场所;生活服务场所",
                                            "address":  "克一河镇克一河林业局综合管护站",
                                            "adname":  "鄂伦春自治旗",
                                            "query":  "克一河林业局"
                                        }
                     },
                     {
                         "type":  "Feature",
                         "geometry":  {
                                          "coordinates":  [
                                                              121.219159,
                                                              48.609379
                                                          ],
                                          "type":  "Point"
                                      },
                         "properties":  {
                                            "id":  "B0JRBRYJXC",
                                            "name":  "玉镇山林场",
                                            "source":  "amap_place_text",
                                            "type":  "公司企业;农林牧渔基地;其它农林牧渔基地",
                                            "address":  "204省道东北30米",
                                            "adname":  "牙克石市",
                                            "query":  "牙克石林场"
                                        }
                     },
                     {
                         "type":  "Feature",
                         "geometry":  {
                                          "coordinates":  [
                                                              124.664578,
                                                              49.35163
                                                          ],
                                          "type":  "Point"
                                      },
                         "properties":  {
                                            "id":  "B0K13H0WGC",
                                            "name":  "国营甘河农场",
                                            "source":  "amap_place_text",
                                            "type":  "公司企业;农林牧渔基地;其它农林牧渔基地",
                                            "address":  "兴农村村民委员会东北侧",
                                            "adname":  "莫力达瓦达斡尔族自治旗",
                                            "query":  "甘河林场"
                                        }
                     },
                     {
                         "type":  "Feature",
                         "geometry":  {
                                          "coordinates":  [
                                                              121.04936,
                                                              49.096467
                                                          ],
                                          "type":  "Point"
                                      },
                         "properties":  {
                                            "id":  "B0KDFX9NPL",
                                            "name":  "利洁干洗店",
                                            "source":  "amap_place_text",
                                            "type":  "生活服务;洗衣店;洗衣店",
                                            "address":  "免渡河林业局北侧80米",
                                            "adname":  "牙克石市",
                                            "query":  "免渡河林业局"
                                        }
                     },
                     {
                         "type":  "Feature",
                         "geometry":  {
                                          "coordinates":  [
                                                              123.052996,
                                                              50.632454
                                                          ],
                                          "type":  "Point"
                                      },
                         "properties":  {
                                            "id":  "B0KRKD7TVL",
                                            "name":  "肖家面馆",
                                            "source":  "amap_place_text",
                                            "type":  "餐饮服务;中餐厅;中餐厅",
                                            "address":  "甘河林业局东侧170米",
                                            "adname":  "鄂伦春自治旗",
                                            "query":  "甘河林业局"
                                        }
                     },
                     {
                         "type":  "Feature",
                         "geometry":  {
                                          "coordinates":  [
                                                              124.65858,
                                                              49.221416
                                                          ],
                                          "type":  "Point"
                                      },
                         "properties":  {
                                            "id":  "B0KRLG56E5",
                                            "name":  "国营甘河农场",
                                            "source":  "amap_place_text",
                                            "type":  "公司企业;农林牧渔基地;其它农林牧渔基地",
                                            "address":  "腾克镇G111(京加线)",
                                            "adname":  "莫力达瓦达斡尔族自治旗",
                                            "query":  "甘河林场"
                                        }
                     },
                     {
                         "type":  "Feature",
                         "geometry":  {
                                          "coordinates":  [
                                                              124.616073,
                                                              49.74588
                                                          ],
                                          "type":  "Point"
                                      },
                         "properties":  {
                                            "id":  "B0KRN4CARA",
                                            "name":  "大杨树农贸市场",
                                            "source":  "amap_place_text",
                                            "type":  "购物服务;综合市场;农副产品市场",
                                            "address":  "甘奎路与中心街交叉口东北160米",
                                            "adname":  "鄂伦春自治旗",
                                            "query":  "大杨树林场"
                                        }
                     },
                     {
                         "type":  "Feature",
                         "geometry":  {
                                          "coordinates":  [
                                                              121.049655,
                                                              49.096324
                                                          ],
                                          "type":  "Point"
                                      },
                         "properties":  {
                                            "id":  "B0L047Y02R",
                                            "name":  "供销为民超市",
                                            "source":  "amap_place_text",
                                            "type":  "购物服务;超级市场;超市",
                                            "address":  "免渡河林业局北侧60米",
                                            "adname":  "牙克石市",
                                            "query":  "免渡河林业局"
                                        }
                     },
                     {
                         "type":  "Feature",
                         "geometry":  {
                                          "coordinates":  [
                                                              124.383075,
                                                              49.352125
                                                          ],
                                          "type":  "Point"
                                      },
                         "properties":  {
                                            "id":  "B0L0C7Z69T",
                                            "name":  "甘河农场",
                                            "source":  "amap_place_text",
                                            "type":  "公司企业;农林牧渔基地;其它农林牧渔基地",
                                            "address":  "",
                                            "adname":  "莫力达瓦达斡尔族自治旗",
                                            "query":  "甘河林场"
                                        }
                     },
                     {
                         "type":  "Feature",
                         "geometry":  {
                                          "coordinates":  [
                                                              123.049197,
                                                              50.632765
                                                          ],
                                          "type":  "Point"
                                      },
                         "properties":  {
                                            "id":  "B0L0O9J1R3",
                                            "name":  "甘河林业局信息中心",
                                            "source":  "amap_place_text",
                                            "type":  "政府机构及社会团体;政府机关;政府机关相关",
                                            "address":  "中央街16号",
                                            "adname":  "鄂伦春自治旗",
                                            "query":  "甘河林业局"
                                        }
                     },
                     {
                         "type":  "Feature",
                         "geometry":  {
                                          "coordinates":  [
                                                              123.725614,
                                                              50.584377
                                                          ],
                                          "type":  "Point"
                                      },
                         "properties":  {
                                            "id":  "B0L0UZVE82",
                                            "name":  "阿里河铁道南派出所",
                                            "source":  "amap_place_text",
                                            "type":  "政府机构及社会团体;公检法机构;公安警察",
                                            "address":  "阿里河镇",
                                            "adname":  "鄂伦春自治旗",
                                            "query":  "阿里河林场"
                                        }
                     },
                     {
                         "type":  "Feature",
                         "geometry":  {
                                          "coordinates":  [
                                                              124.179145,
                                                              50.421513
                                                          ],
                                          "type":  "Point"
                                      },
                         "properties":  {
                                            "id":  "B0L0Z7F71W",
                                            "name":  "加格达奇林业局森林消防一大队",
                                            "source":  "amap_place_text",
                                            "type":  "政府机构及社会团体;公检法机构;消防机关",
                                            "address":  "工业园区0公里",
                                            "adname":  "加格达奇区",
                                            "query":  "加格达奇林业局"
                                        }
                     },
                     {
                         "type":  "Feature",
                         "geometry":  {
                                          "coordinates":  [
                                                              121.050675,
                                                              49.095575
                                                          ],
                                          "type":  "Point"
                                      },
                         "properties":  {
                                            "id":  "B0L12ZTPS4",
                                            "name":  "壹元油饼家常菜",
                                            "source":  "amap_place_text",
                                            "type":  "餐饮服务;中餐厅;中餐厅",
                                            "address":  "免渡河林业局东侧90米",
                                            "adname":  "牙克石市",
                                            "query":  "免渡河林业局"
                                        }
                     },
                     {
                         "type":  "Feature",
                         "geometry":  {
                                          "coordinates":  [
                                                              123.437099,
                                                              50.345535
                                                          ],
                                          "type":  "Point"
                                      },
                         "properties":  {
                                            "id":  "B0L1ZCNP27",
                                            "name":  "阿里河国家森林公园景区餐厅",
                                            "source":  "amap_place_text",
                                            "type":  "餐饮服务;中餐厅;中餐厅",
                                            "address":  "",
                                            "adname":  "鄂伦春自治旗",
                                            "query":  "阿里河林业局"
                                        }
                     },
                     {
                         "type":  "Feature",
                         "geometry":  {
                                          "coordinates":  [
                                                              123.723967,
                                                              50.601507
                                                          ],
                                          "type":  "Point"
                                      },
                         "properties":  {
                                            "id":  "B0L3ACVAEH",
                                            "name":  "东奇百货商店",
                                            "source":  "amap_place_text",
                                            "type":  "购物服务;购物相关场所;购物相关场所",
                                            "address":  "阿里河林业局北侧180米",
                                            "adname":  "鄂伦春自治旗",
                                            "query":  "阿里河林业局"
                                        }
                     },
                     {
                         "type":  "Feature",
                         "geometry":  {
                                          "coordinates":  [
                                                              124.690425,
                                                              49.320625
                                                          ],
                                          "type":  "Point"
                                      },
                         "properties":  {
                                            "id":  "B0L3ASTP3U",
                                            "name":  "国营甘河农场",
                                            "source":  "amap_place_text",
                                            "type":  "公司企业;农林牧渔基地;其它农林牧渔基地",
                                            "address":  "",
                                            "adname":  "莫力达瓦达斡尔族自治旗",
                                            "query":  "甘河林场"
                                        }
                     },
                     {
                         "type":  "Feature",
                         "geometry":  {
                                          "coordinates":  [
                                                              124.119799,
                                                              50.355625
                                                          ],
                                          "type":  "Point"
                                      },
                         "properties":  {
                                            "id":  "B0L3JLFFUS",
                                            "name":  "东风林场",
                                            "source":  "amap_place_text",
                                            "type":  "公司企业;农林牧渔基地;其它农林牧渔基地",
                                            "address":  "Z001南30米",
                                            "adname":  "加格达奇区",
                                            "query":  "加格达奇林场"
                                        }
                     },
                     {
                         "type":  "Feature",
                         "geometry":  {
                                          "coordinates":  [
                                                              121.553626,
                                                              50.65144
                                                          ],
                                          "type":  "Point"
                                      },
                         "properties":  {
                                            "id":  "B0L67D1QEX",
                                            "name":  "伊图里河林业局",
                                            "source":  "amap_place_text",
                                            "type":  "政府机构及社会团体;政府机关;乡镇级政府及事业单位",
                                            "address":  "伊图里河镇",
                                            "adname":  "牙克石市",
                                            "query":  "图里河林业局"
                                        }
                     },
                     {
                         "type":  "Feature",
                         "geometry":  {
                                          "coordinates":  [
                                                              121.553626,
                                                              50.65144
                                                          ],
                                          "type":  "Point"
                                      },
                         "properties":  {
                                            "id":  "B0L67D1QEX",
                                            "name":  "伊图里河林业局",
                                            "source":  "amap_place_text",
                                            "type":  "政府机构及社会团体;政府机关;乡镇级政府及事业单位",
                                            "address":  "伊图里河镇",
                                            "adname":  "牙克石市",
                                            "query":  "牙克石林业局"
                                        }
                     },
                     {
                         "type":  "Feature",
                         "geometry":  {
                                          "coordinates":  [
                                                              121.553626,
                                                              50.65144
                                                          ],
                                          "type":  "Point"
                                      },
                         "properties":  {
                                            "id":  "B0L67D1QEX",
                                            "name":  "伊图里河林业局",
                                            "source":  "amap_place_text",
                                            "type":  "政府机构及社会团体;政府机关;乡镇级政府及事业单位",
                                            "address":  "伊图里河镇",
                                            "adname":  "牙克石市",
                                            "query":  "伊图里河林业局"
                                        }
                     },
                     {
                         "type":  "Feature",
                         "geometry":  {
                                          "coordinates":  [
                                                              123.652498,
                                                              50.739491
                                                          ],
                                          "type":  "Point"
                                      },
                         "properties":  {
                                            "id":  "B0L6LZAAEG",
                                            "name":  "阿里河",
                                            "source":  "amap_place_text",
                                            "type":  "地名地址信息;自然地名;河流",
                                            "address":  "鄂伦春自治旗",
                                            "adname":  "鄂伦春自治旗",
                                            "query":  "阿里河林场"
                                        }
                     },
                     {
                         "type":  "Feature",
                         "geometry":  {
                                          "coordinates":  [
                                                              124.640649,
                                                              49.381567
                                                          ],
                                          "type":  "Point"
                                      },
                         "properties":  {
                                            "id":  "B0LACAKE4B",
                                            "name":  "国营甘河农场",
                                            "source":  "amap_place_text",
                                            "type":  "公司企业;农林牧渔基地;其它农林牧渔基地",
                                            "address":  "甘河农场学校东侧ab座",
                                            "adname":  "莫力达瓦达斡尔族自治旗",
                                            "query":  "甘河林场"
                                        }
                     },
                     {
                         "type":  "Feature",
                         "geometry":  {
                                          "coordinates":  [
                                                              121.589228,
                                                              50.648938
                                                          ],
                                          "type":  "Point"
                                      },
                         "properties":  {
                                            "id":  "B0LASLWH8G",
                                            "name":  "伊东大商店",
                                            "source":  "amap_place_text",
                                            "type":  "购物服务;便民商店/便利店;便民商店/便利店",
                                            "address":  "伊图里河林业局西南侧100米",
                                            "adname":  "牙克石市",
                                            "query":  "伊图里河林业局"
                                        }
                     },
                     {
                         "type":  "Feature",
                         "geometry":  {
                                          "coordinates":  [
                                                              121.79683,
                                                              49.175404
                                                          ],
                                          "type":  "Point"
                                      },
                         "properties":  {
                                            "id":  "B0LD3UCT78",
                                            "name":  "免渡河林业局红旗林场中心管护站",
                                            "source":  "amap_place_text",
                                            "type":  "政府机构及社会团体;政府机关;政府机关相关",
                                            "address":  "",
                                            "adname":  "牙克石市",
                                            "query":  "免渡河林业局"
                                        }
                     },
                     {
                         "type":  "Feature",
                         "geometry":  {
                                          "coordinates":  [
                                                              121.79683,
                                                              49.175404
                                                          ],
                                          "type":  "Point"
                                      },
                         "properties":  {
                                            "id":  "B0LD3UCT78",
                                            "name":  "免渡河林业局红旗林场中心管护站",
                                            "source":  "amap_place_text",
                                            "type":  "政府机构及社会团体;政府机关;政府机关相关",
                                            "address":  "",
                                            "adname":  "牙克石市",
                                            "query":  "牙克石林业局"
                                        }
                     },
                     {
                         "type":  "Feature",
                         "geometry":  {
                                          "coordinates":  [
                                                              124.557775,
                                                              49.353625
                                                          ],
                                          "type":  "Point"
                                      },
                         "properties":  {
                                            "id":  "B0LDCHTDOR",
                                            "name":  "国营甘河农场",
                                            "source":  "amap_place_text",
                                            "type":  "公司企业;农林牧渔基地;其它农林牧渔基地",
                                            "address":  "",
                                            "adname":  "莫力达瓦达斡尔族自治旗",
                                            "query":  "甘河林场"
                                        }
                     },
                     {
                         "type":  "Feature",
                         "geometry":  {
                                          "coordinates":  [
                                                              123.993,
                                                              49.667
                                                          ],
                                          "type":  "Point"
                                      },
                         "properties":  {
                                            "id":  "B0LDMRF0MK",
                                            "name":  "大杨树林业局库莫林场家属区",
                                            "source":  "amap_place_text",
                                            "type":  "商务住宅;住宅区;住宅小区",
                                            "address":  "",
                                            "adname":  "鄂伦春自治旗",
                                            "query":  "大杨树林业局"
                                        }
                     },
                     {
                         "type":  "Feature",
                         "geometry":  {
                                          "coordinates":  [
                                                              121.746433,
                                                              49.143271
                                                          ],
                                          "type":  "Point"
                                      },
                         "properties":  {
                                            "id":  "B0LDS4VN9K",
                                            "name":  "免渡河林业局红旗林场62瞭望塔",
                                            "source":  "amap_place_text",
                                            "type":  "风景名胜;风景名胜;风景名胜",
                                            "address":  "",
                                            "adname":  "牙克石市",
                                            "query":  "免渡河林业局"
                                        }
                     },
                     {
                         "type":  "Feature",
                         "geometry":  {
                                          "coordinates":  [
                                                              121.746433,
                                                              49.143271
                                                          ],
                                          "type":  "Point"
                                      },
                         "properties":  {
                                            "id":  "B0LDS4VN9K",
                                            "name":  "免渡河林业局红旗林场62瞭望塔",
                                            "source":  "amap_place_text",
                                            "type":  "风景名胜;风景名胜;风景名胜",
                                            "address":  "",
                                            "adname":  "牙克石市",
                                            "query":  "牙克石林场"
                                        }
                     },
                     {
                         "type":  "Feature",
                         "geometry":  {
                                          "coordinates":  [
                                                              121.918475,
                                                              48.756375
                                                          ],
                                          "type":  "Point"
                                      },
                         "properties":  {
                                            "id":  "B0LGZ5S4Z0",
                                            "name":  "中铁三局滨洲铁路项目部",
                                            "source":  "amap_place_text",
                                            "type":  "公司企业;公司;公司",
                                            "address":  "伊图里河林业局温河生态功能区管理处西侧120米",
                                            "adname":  "牙克石市",
                                            "query":  "伊图里河林业局"
                                        }
                     },
                     {
                         "type":  "Feature",
                         "geometry":  {
                                          "coordinates":  [
                                                              121.618075,
                                                              50.028525
                                                          ],
                                          "type":  "Point"
                                      },
                         "properties":  {
                                            "id":  "B0LK078U5X",
                                            "name":  "库都尔镇中心卫生院",
                                            "source":  "amap_place_text",
                                            "type":  "医疗保健服务;综合医院;卫生院",
                                            "address":  "库都尔森林公安局西侧60米",
                                            "adname":  "牙克石市",
                                            "query":  "库都尔林业局"
                                        }
                     },
                     {
                         "type":  "Feature",
                         "geometry":  {
                                          "coordinates":  [
                                                              124.698725,
                                                              49.300875
                                                          ],
                                          "type":  "Point"
                                      },
                         "properties":  {
                                            "id":  "B0LKPUZJH9",
                                            "name":  "国营甘河农场",
                                            "source":  "amap_place_text",
                                            "type":  "公司企业;农林牧渔基地;其它农林牧渔基地",
                                            "address":  "",
                                            "adname":  "莫力达瓦达斡尔族自治旗",
                                            "query":  "甘河林场"
                                        }
                     },
                     {
                         "type":  "Feature",
                         "geometry":  {
                                          "coordinates":  [
                                                              124.625825,
                                                              49.737225
                                                          ],
                                          "type":  "Point"
                                      },
                         "properties":  {
                                            "id":  "B0LKZPE0XA",
                                            "name":  "内蒙古大杨树林业局停车场",
                                            "source":  "amap_place_text",
                                            "type":  "交通设施服务;停车场;公共停车场",
                                            "address":  "能源路与多布库尔街交叉口东南240米",
                                            "adname":  "鄂伦春自治旗",
                                            "query":  "大杨树林业局"
                                        }
                     },
                     {
                         "type":  "Feature",
                         "geometry":  {
                                          "coordinates":  [
                                                              121.072802,
                                                              50.377006
                                                          ],
                                          "type":  "Point"
                                      },
                         "properties":  {
                                            "id":  "B0LR4HPXXK",
                                            "name":  "图里河育林农场",
                                            "source":  "amap_place_text",
                                            "type":  "公司企业;农林牧渔基地;其它农林牧渔基地",
                                            "address":  "图里河林业哈达防火外站",
                                            "adname":  "牙克石市",
                                            "query":  "图里河林业局"
                                        }
                     },
                     {
                         "type":  "Feature",
                         "geometry":  {
                                          "coordinates":  [
                                                              124.727125,
                                                              49.307675
                                                          ],
                                          "type":  "Point"
                                      },
                         "properties":  {
                                            "id":  "B0LRZK10BY",
                                            "name":  "国营甘河农场",
                                            "source":  "amap_place_text",
                                            "type":  "公司企业;农林牧渔基地;其它农林牧渔基地",
                                            "address":  "",
                                            "adname":  "莫力达瓦达斡尔族自治旗",
                                            "query":  "甘河林场"
                                        }
                     },
                     {
                         "type":  "Feature",
                         "geometry":  {
                                          "coordinates":  [
                                                              120.692475,
                                                              49.323075
                                                          ],
                                          "type":  "Point"
                                      },
                         "properties":  {
                                            "id":  "B0LU96A97Y",
                                            "name":  "牙克石市建设街道林场",
                                            "source":  "amap_place_text",
                                            "type":  "公司企业;农林牧渔基地;其它农林牧渔基地",
                                            "address":  "闲庭雅苑养殖园东侧70米",
                                            "adname":  "牙克石市",
                                            "query":  "牙克石林场"
                                        }
                     },
                     {
                         "type":  "Feature",
                         "geometry":  {
                                          "coordinates":  [
                                                              124.121681,
                                                              50.318014
                                                          ],
                                          "type":  "Point"
                                      },
                         "properties":  {
                                            "id":  "B0LU974O00",
                                            "name":  "黑龙江加格达奇国家森林公园",
                                            "source":  "amap_place_text",
                                            "type":  "风景名胜;公园广场;公园",
                                            "address":  "Z001",
                                            "adname":  "加格达奇区",
                                            "query":  "加格达奇林业局"
                                        }
                     },
                     {
                         "type":  "Feature",
                         "geometry":  {
                                          "coordinates":  [
                                                              120.796282,
                                                              49.279303
                                                          ],
                                          "type":  "Point"
                                      },
                         "properties":  {
                                            "id":  "B0LUCZX131",
                                            "name":  "牙克石林场花海小院",
                                            "source":  "amap_place_text",
                                            "type":  "体育休闲服务;体育休闲服务场所;体育休闲服务场所",
                                            "address":  "牙克石市林场",
                                            "adname":  "牙克石市",
                                            "query":  "牙克石林场"
                                        }
                     },
                     {
                         "type":  "Feature",
                         "geometry":  {
                                          "coordinates":  [
                                                              124.626025,
                                                              49.737225
                                                          ],
                                          "type":  "Point"
                                      },
                         "properties":  {
                                            "id":  "B0M63C8ZIN",
                                            "name":  "大杨树林业有限责任公司",
                                            "source":  "amap_place_text",
                                            "type":  "公司企业;公司;公司",
                                            "address":  "能源路与多布库尔街交叉口东南260米",
                                            "adname":  "鄂伦春自治旗",
                                            "query":  "大杨树林场"
                                        }
                     },
                     {
                         "type":  "Feature",
                         "geometry":  {
                                          "coordinates":  [
                                                              124.626025,
                                                              49.737225
                                                          ],
                                          "type":  "Point"
                                      },
                         "properties":  {
                                            "id":  "B0M63C8ZIN",
                                            "name":  "大杨树林业有限责任公司",
                                            "source":  "amap_place_text",
                                            "type":  "公司企业;公司;公司",
                                            "address":  "能源路与多布库尔街交叉口东南260米",
                                            "adname":  "鄂伦春自治旗",
                                            "query":  "大杨树林业局"
                                        }
                     },
                     {
                         "type":  "Feature",
                         "geometry":  {
                                          "coordinates":  [
                                                              124.607723,
                                                              49.747052
                                                          ],
                                          "type":  "Point"
                                      },
                         "properties":  {
                                            "id":  "B0M69DAUAX",
                                            "name":  "大杨树农贸市场",
                                            "source":  "amap_place_text",
                                            "type":  "购物服务;购物相关场所;购物相关场所",
                                            "address":  "甘奎街与繁荣路交叉口北20米",
                                            "adname":  "鄂伦春自治旗",
                                            "query":  "大杨树林场"
                                        }
                     },
                     {
                         "type":  "Feature",
                         "geometry":  {
                                          "coordinates":  [
                                                              124.881625,
                                                              49.522475
                                                          ],
                                          "type":  "Point"
                                      },
                         "properties":  {
                                            "id":  "B0M6B7HJG6",
                                            "name":  "甘河农场",
                                            "source":  "amap_place_text",
                                            "type":  "公司企业;农林牧渔基地;其它农林牧渔基地",
                                            "address":  "巴彦农场中央街与兴彦路交叉口东北100米",
                                            "adname":  "莫力达瓦达斡尔族自治旗",
                                            "query":  "甘河林场"
                                        }
                     },
                     {
                         "type":  "Feature",
                         "geometry":  {
                                          "coordinates":  [
                                                              124.080119,
                                                              50.424418
                                                          ],
                                          "type":  "Point"
                                      },
                         "properties":  {
                                            "id":  "B0MB2Z0KFI",
                                            "name":  "跃进林场",
                                            "source":  "amap_place_text",
                                            "type":  "公司企业;农林牧渔基地;其它农林牧渔基地",
                                            "address":  "加格达奇林业局(跃进经营林场)东南侧140米",
                                            "adname":  "加格达奇区",
                                            "query":  "加格达奇林场"
                                        }
                     },
                     {
                         "type":  "Feature",
                         "geometry":  {
                                          "coordinates":  [
                                                              124.080119,
                                                              50.424418
                                                          ],
                                          "type":  "Point"
                                      },
                         "properties":  {
                                            "id":  "B0MB2Z0KFI",
                                            "name":  "跃进林场",
                                            "source":  "amap_place_text",
                                            "type":  "公司企业;农林牧渔基地;其它农林牧渔基地",
                                            "address":  "加格达奇林业局(跃进经营林场)东南侧140米",
                                            "adname":  "加格达奇区",
                                            "query":  "加格达奇林业局"
                                        }
                     },
                     {
                         "type":  "Feature",
                         "geometry":  {
                                          "coordinates":  [
                                                              121.049489,
                                                              49.09637
                                                          ],
                                          "type":  "Point"
                                      },
                         "properties":  {
                                            "id":  "B0MBB9XHEA",
                                            "name":  "多乐士(中华路二道街店)",
                                            "source":  "amap_place_text",
                                            "type":  "购物服务;家居建材市场;家居建材市场",
                                            "address":  "免渡河林业局北侧70米",
                                            "adname":  "牙克石市",
                                            "query":  "免渡河林业局"
                                        }
                     },
                     {
                         "type":  "Feature",
                         "geometry":  {
                                          "coordinates":  [
                                                              124.584475,
                                                              49.753375
                                                          ],
                                          "type":  "Point"
                                      },
                         "properties":  {
                                            "id":  "B0MBKKOLJS",
                                            "name":  "大杨树农贸市场",
                                            "source":  "amap_place_text",
                                            "type":  "购物服务;综合市场;农副产品市场",
                                            "address":  "红星街与南环路交叉口东300米",
                                            "adname":  "鄂伦春自治旗",
                                            "query":  "大杨树林场"
                                        }
                     },
                     {
                         "type":  "Feature",
                         "geometry":  {
                                          "coordinates":  [
                                                              121.047575,
                                                              49.095625
                                                          ],
                                          "type":  "Point"
                                      },
                         "properties":  {
                                            "id":  "B0MBLUTER9",
                                            "name":  "劳保百货鞋帽",
                                            "source":  "amap_place_text",
                                            "type":  "购物服务;购物相关场所;购物相关场所",
                                            "address":  "免渡河林业局西侧130米",
                                            "adname":  "牙克石市",
                                            "query":  "免渡河林业局"
                                        }
                     },
                     {
                         "type":  "Feature",
                         "geometry":  {
                                          "coordinates":  [
                                                              121.870362,
                                                              51.69222
                                                          ],
                                          "type":  "Point"
                                      },
                         "properties":  {
                                            "id":  "B0MBRGPX7X",
                                            "name":  "阿龙山森林公安局",
                                            "source":  "amap_place_text",
                                            "type":  "政府机构及社会团体;公检法机构;公检法机关",
                                            "address":  "根河瑞丰旅店南侧120米",
                                            "adname":  "根河市",
                                            "query":  "根河林业局"
                                        }
                     },
                     {
                         "type":  "Feature",
                         "geometry":  {
                                          "coordinates":  [
                                                              123.755348,
                                                              50.574538
                                                          ],
                                          "type":  "Point"
                                      },
                         "properties":  {
                                            "id":  "BY0001JSIX",
                                            "name":  "阿里河",
                                            "source":  "amap_place_text",
                                            "type":  "地名地址信息;自然地名;河流",
                                            "address":  "鄂伦春自治旗",
                                            "adname":  "鄂伦春自治旗",
                                            "query":  "阿里河林场"
                                        }
                     },
                     {
                         "type":  "Feature",
                         "geometry":  {
                                          "coordinates":  [
                                                              124.731541,
                                                              49.576376
                                                          ],
                                          "type":  "Point"
                                      },
                         "properties":  {
                                            "id":  "BZGJRQ0003",
                                            "name":  "甘河农场收费站(京加线东南向)",
                                            "source":  "amap_place_text",
                                            "type":  "道路附属设施;收费站;收费站",
                                            "address":  "莫力达瓦达斡尔族自治旗",
                                            "adname":  "莫力达瓦达斡尔族自治旗",
                                            "query":  "甘河林场"
                                        }
                     },
                     {
                         "type":  "Feature",
                         "geometry":  {
                                          "coordinates":  [
                                                              124.732164,
                                                              49.576509
                                                          ],
                                          "type":  "Point"
                                      },
                         "properties":  {
                                            "id":  "BZGJRQ0004",
                                            "name":  "甘河农场收费站(京加线西北向)",
                                            "source":  "amap_place_text",
                                            "type":  "道路附属设施;收费站;收费站",
                                            "address":  "莫力达瓦达斡尔族自治旗",
                                            "adname":  "莫力达瓦达斡尔族自治旗",
                                            "query":  "甘河林场"
                                        }
                     }
                 ]
}
